,0
0,faces
1,cajupnt
2,storax
3,bronchopneumonia
4,aromatick
5,muskhyacinth
6,violet
7,cicutaria
8,flatuous
9,cask
10,sulpuric
11,stinking
12,bitter
13,overobtrusive
14,cheat
15,newly
16,various
17,warm
18,perfect
19,persons
20,atmosphere
21,insupportable
22,tuft
23,persumes
24,verie
25,only
26,breath
27,smells
28,garlick
29,eldersmells
30,factories
31,squills
32,kinds
33,frequent
34,abominably
35,pungency
36,caraway
37,pools
38,thyme
39,faint
40,essential
41,roseleaues
42,favorite
43,poppies
44,fetor
45,fragrant
46,lamium
47,cartilaginous
48,putrefied
49,dark
50,fetida
51,balsams
52,muskat
53,smelling
54,poison
55,acrid
56,horsedung
57,mice
58,cesspools
59,trees
60,aniseed
61,indol
62,ordinary
63,spices
64,upon
65,benjamin
66,calamita
67,scenting
68,oile
69,ottos
70,clubshaped
71,narcoticks
72,whore
73,turfsmoke
74,persistent
75,fumous
76,wall
77,phosphoric
78,hay
79,intensely
80,extracte
81,faetida
82,half
83,oyly
84,distiller
85,origin
86,spurge
87,dunghills
88,angelic
89,beneath
90,turpentine
91,milk
92,odor
93,pustuls
94,aire
95,lavender
96,sydney
97,almonds
98,certain
99,abscess
100,plain
101,fermentation
102,roots
103,flyes
104,seed
105,unripe
106,perceptible
107,crops
108,ribes
109,red
110,mistress
111,monastery
112,scales
113,solanum
114,boots
115,crude
116,left
117,herb
118,prawns
119,wineglass
120,tables
121,putrified
122,abominable
123,white
124,geraniums
125,frankincense
126,bitterfetid
127,stenches
128,offensive
129,predominant
130,napellus
131,iulyflowers
132,fine
133,kings
134,oyle
135,putrifies
136,nauseous
137,kept
138,secretions
139,muskbeetle
140,first
141,refuse
142,soules
143,vapours
144,chili
145,luscious
146,saline
147,exquisite
148,much
149,ploughed
150,life
151,laureola
152,sin
153,r
154,grateful
155,selected
156,cinnamon
157,mills
158,perfume
159,sellery
160,aromaticall
161,four
162,thames
163,millstream
164,atriplex
165,servent
166,agreeable
167,muskox
168,civet
169,cedar
170,cardamon
171,galbanum
172,sense
173,cassia
174,tufts
175,mixture
176,ditch
177,lemon
178,chirurgorum
179,honible
180,garlic
181,scentbrush
182,man
183,organic
184,assa
185,loaf
186,espagne
187,costus
188,odorem
189,mechae
190,time
191,acid
192,jessamines
193,sulphuric
194,faetor
195,hot
196,dung
197,perceivable
198,affected
199,delicate
200,doth
201,open
202,leaf
203,suggestion
204,balm
205,hardly
206,bitch
207,sorts
208,rhenish
209,foincoupe
210,snuffs
211,country
212,black
213,marrubium
214,great
215,faecal
216,bearsears
217,noisome
218,sinne
219,plumules
220,partridge
221,thlaspi
222,fabrication
223,another
224,cubebs
225,evilsmelling
226,capryl
227,mass
228,scented
229,sauiours
230,dangerous
231,charcoal
232,true
233,muskmallow
234,hut
235,cassie
236,artificial
237,vnsauerie
238,peau
239,ethereat
240,powerful
241,eglantine
242,infull
243,skatol
244,comminuted
245,skin
246,persian
247,faeces
248,nine
249,pure
250,european
251,butt
252,women
253,rines
254,hair
255,abscesses
256,roses
257,filth
258,protrusible
259,clay
260,sweats
261,mother
262,probably
263,fourth
264,sweetish
265,panax
266,three
267,opiates
268,beings
269,methyl
270,rich
271,narcotick
272,pungent
273,tibetan
274,euphorbium
275,uncommon
276,fullgrown
277,verbena
278,sagapenum
279,ambrosiacce
280,effluvium
281,ground
282,conjunction
283,atmospheres
284,jamaica
285,gold
286,gillyflowers
287,nettles
288,cabbagelike
289,nitric
290,disagreeable
291,steams
292,like
293,fragrance
294,lazarus
295,jessamy
296,pair
297,grass
298,oyntments
299,expectoration
300,odours
301,class
302,lime
303,bitterish
304,pennyroyal
305,wingsurface
306,salts
307,juniper
308,brownish
309,degree
310,rosewater
311,mallowleaves
312,shrimps
313,fume
314,tabaco
315,stream
316,beeflowers
317,cold
318,gallingals
319,tolu
320,sassafras
321,unsavory
322,considerable
323,medicines
324,elderleaves
325,dulcis
326,patent
327,sensitive
328,hartshorn
329,body
330,urine
331,perfum
332,sieve
333,smell
334,excretion
335,washy
336,gums
337,violent
338,particles
339,scents
340,tears
341,saunders
342,ulcerations
343,different
344,seuerall
345,new
346,characteristic
347,distant
348,pulmonary
349,chyle
350,tithymalus
351,muskseed
352,strength
353,lignum
354,measure
355,fleas
356,peculiarly
357,singular
358,armpits
359,muskcherry
360,odious
361,resembles
362,ozaenaodour
363,noxious
364,wine
365,bottle
366,carcasse
367,foul
368,prussic
369,weak
370,savour
371,oils
372,fragancy
373,variety
374,action
375,vices
376,meditations
377,ammoniacal
378,gas
379,faetid
380,manners
381,elder
382,human
383,juniperus
384,pleasant
385,fibroid
386,desired
387,chronic
388,imperceptible
389,elevated
390,redolent
391,spanish
392,wormwood
393,pomander
394,saponaria
395,steamy
396,little
397,eau
398,pepper
399,best
400,permanent
401,e
402,whiff
403,exulcerators
404,terebinthinate
405,unpleasant
406,essence
407,nigra
408,muniar
409,zealous
410,lakes
411,copaiva
412,neverdying
413,exhalation
414,drains
415,juneus
416,ayre
417,soft
418,muskplant
419,neroli
420,rome
421,foxgloves
422,precious
423,lignosum
424,rubarb
425,pouches
426,platina
427,houses
428,sugar
429,vapour
430,fetors
431,cloueiulyflowers
432,vanilla
433,communis
434,gall
435,salt
436,generis
437,etherealised
438,china
439,hearb
440,equall
441,putrefaction
442,morbid
443,female
444,sophia
445,resemblance
446,lost
447,drachm
448,nauseating
449,second
450,parts
451,foetid
452,ivygum
453,manes
454,manner
455,santal
456,sents
457,coloni
458,sputa
459,primitive
460,protrusion
461,diuers
462,stink
463,heady
464,bronchorrhoea
465,eskimo
466,chalky
467,organs
468,dead
469,pestilential
470,ancient
471,nuisance
472,fat
473,bodily
474,foot
475,gilloflowers
476,mercaptans
477,containing
478,special
479,mouse
480,fragile
481,matter
482,bitters
483,vinous
484,spot
485,pool
486,feathers
487,flesh
488,hearbe
489,gutter
490,anthoxanthum
491,gases
492,reeking
493,sideritis
494,oil
495,feces
496,manna
497,dill
498,perfuming
499,foule
500,malaga
501,raw
502,manure
503,vrines
504,hemispherical
505,popular
506,pleasures
507,illustrious
508,olida
509,dirt
510,sweetest
511,ambergriese
512,camphoraceous
513,musktree
514,rose
515,propolis
516,fruit
517,wallflowers
518,brimstone
519,objectionable
520,volatile
521,odoriferous
522,dutch
523,rank
524,nauseousbitter
525,yeleow
526,milky
527,deadnettle
528,anosmic
529,apple
530,odoratum
531,compounds
532,blossom
533,ineffable
534,dreadful
535,onyons
536,cannabinum
537,shop
538,aroma
539,lasting
540,ambergris
541,sugarscum
542,rind
543,stenchless
544,highly
545,smellingsalts
546,lobster
547,closet
548,muskpear
549,walliulyflowers
550,scent
551,lignea
552,rhubarb
553,bergamot
554,piece
555,leather
556,wings
557,geranium
558,wood
559,offensively
560,vlcers
561,pavement
562,ten
563,columbinum
564,regions
565,water
566,moth
567,fecal
568,sewage
569,muskrat
570,something
571,oylolive
572,vncleane
573,bread
574,disc
575,fumes
576,fetidness
577,bronchitis
578,ulcers
579,foeces
580,therefrom
581,quick
582,smelt
583,oily
584,sarcocolla
585,filthy
586,heliotrope
587,olive
588,vegetables
589,toades
590,p
591,public
592,valerian
593,blondes
594,delicious
595,interesting
596,leaves
597,species
598,negative
599,hayfield
600,gangrenous
601,washleather
602,odoratus
603,venemous
604,strong
605,wormes
606,raised
607,attractive
608,spina
609,steame
610,overpowering
611,cabbage
612,distill
613,green
614,kind
615,cloves
616,secretion
617,diluted
618,oval
619,aegypt
620,pollution
621,emanations
622,fresh
623,high
624,resembled
625,cuffs
626,recently
627,camphor
628,smelled
629,nettle
630,ceylon
631,hypericon
632,generally
633,stagnating
634,sputum
635,lobar
636,smeii
637,sui
638,shallots
639,cephalicks
640,hairs
641,perspiration
642,excellent
643,crosse
644,common
645,sweetscented
646,floral
647,mucilaginous
648,linum
649,worst
650,sweet
651,wormseed
652,deodorizing
653,skins
654,burn
655,muscatels
656,herbs
657,ladanum
658,lilysmell
659,rine
660,excrements
661,elephants
662,good
663,bryonyroots
664,horseradish
665,smels
666,strongest
667,excoriators
668,spirit
669,old
670,croton
671,erica
672,exceeding
673,patients
674,lump
675,lernian
676,honey
677,lavenderseeds
678,stench
679,blood
680,things
681,french
682,acids
683,protuberances
684,smoke
685,priuyes
686,mutton
687,ascending
688,eupatorium
689,strange
690,ambergrise
691,acute
692,muskmelon
693,substances
694,enough
695,terebinthinates
696,drainage
697,ferment
698,affectious
699,decomposing
700,many
701,iuly
702,odour
703,damp
704,castoreum
705,highest
706,muskplum
707,natural
708,flavour
709,prayers
710,mysterious
711,peppermint
712,florida
713,spikenard
714,widely
715,linseed
716,seeds
717,eucalyptus
718,corrosive
719,aromaticks
720,vitae
721,segetum
722,vertues
723,wholly
724,nice
725,musk
726,humours
727,latent
728,u
729,waxe
730,incense
731,animals
732,sorrel
733,rancid
734,tuberoses
735,lumpe
736,ton
737,one
738,stronger
739,mere
740,gangrene
741,stronglysmelling
742,heavy
743,manured
744,sulphurous
745,obnoxious
746,ambergrease
747,galeopsis
748,ozenaodour
749,fetids
750,soot
751,nature
752,full
753,aromatickastringents
754,peculiar
755,balsamicks
756,odores
757,de
758,ozaena
759,â€™
760,overpowered
761,negress
762,impregnated
763,muskwood
764,polluted
765,food
766,henbane
767,distinguishing
768,places
769,sensation
770,calamint
771,pencils
772,assafaetida
773,pleasing
774,mud
775,flowers
776,six
777,sulphur
778,similar
779,balsam
780,stinches
781,artichoakleaves
782,vera
783,oyl
784,moschatum
785,willie
786,ballote
787,divers
788,appendages
789,luxurious
790,aqueous
791,jasmin
792,musqued
793,toilet
794,finest
795,particular
796,olfactory
797,mole
798,animal
799,feet
800,sweetsmelling
801,putrefactive
802,chamomile
803,east
804,butter
805,stinke
806,rosemary
807,dipped
808,f
809,powders
810,smellwherefore
811,rhodtum
812,related
813,air
814,positive
815,gilead
816,botrys
817,aloes
818,cavity
819,petrolengine
820,crocodiles
821,mercaptan
822,sewer
823,vessels
824,bad
825,lizards
826,specific
827,resembling
828,cane
829,ounces
830,fauoured
831,horehound
832,spirits
833,solid
834,condensed
835,flower
836,sphinx
837,mezereon
838,bushes
839,odorous
840,perfumes
841,scorphularia
842,gum
843,basil
844,muskorchid
845,stately
846,vnpleasing
847,putrid
848,stinks
849,esula
850,cherished
851,agarick
852,ditches
853,comfortable
854,slight
855,butterfly
856,aromatic
857,fragrancy
858,substance
859,ingredients
860,hawthorn
861,woman
862,clover
863,rare
864,cotula
865,pieces
866,greatly
867,sufficiently
868,cologne
869,opoponax
870,bodies
871,russian
872,offending
873,stagnant
874,effluviums
875,sickening
876,snuff
877,orchids
878,newmown
879,gilloflower
880,effluvia
881,channells
882,charming
883,euill
884,beef
885,liquid
886,marjoram
887,fugitive
888,sexual
889,frogges
890,twilight
891,plants
892,odors
893,cervina
894,decaying
895,ofelife
896,penetrating
897,dilute
898,vrine
899,solutions
900,tobaccosmoke
901,exhalations
902,muriatic
903,musky
904,not
905,staranise
906,pothecaries
907,vertue
908,orangeflower
909,personal
910,aron
911,plant
912,perfumed
913,suchlike
914,marsh
915,pastils
916,peat
917,undesirable
918,sevenandtwenty
919,parboiled
920,winteriulyflowers
921,fluid
922,intermittent
923,well
924,vulgare
925,berries
926,tragacanth
927,two
928,polypodyroot
929,scrophularia
930,resinous
931,buds
932,nitrogenous
933,several
934,mechabalsam
935,malady
936,onions
937,deep
938,arrack
939,olibanum
940,lavandula
941,strongly
942,henbaneleaves
943,spearmint
944,complex
945,muskduck
946,pus
947,corrupt
948,bodie
949,front
950,rather
951,epidemic
952,bark
953,java
954,vulgaris
955,fields
956,ponds
957,coriander
958,oyls
959,musklike
960,shoes
961,proper
962,third
963,fetid
964,lily
965,heap
966,standing
967,ill
968,sent
969,cynogloss
970,muskrose
971,myrrh
972,anal
973,bones
974,drugs
975,quality
976,balsamick
977,phosphorus
978,scum
979,peruvian
980,paradise
981,diseases
982,privy
983,senna
984,whose
985,foggie
986,intolerable
987,whole
988,gratefully
989,powder
990,almost
991,supportable
992,ladies
993,blossoms
994,somewhat
995,india
996,accumulation
997,unknown
998,worse
999,sewers
1000,deodorize
1001,lavenderseed
