,clean_sentence,clean_token,,
0,answer sweet things applyed matrix regard hot doe expell winde cut slow tenacious phlegm afterwards purge stinking things applied nose consume ascending vapours heat may still demand hot stinking things good break winde may not laid matrix well sweet things,stinking hot stinking things things,,
1,follows facts three distinct kinds pulmonary fetor namely faces ozaena gangrene remains ascertain arises,pulmonary faces ozaena gangrene fetor,,
2,evidence derivable taste odour poison instances importance,poison odour,,
3,yet no dung stinks much nostrels sinne doth nostrels god,much dung sinne stinks doth,,
4,several perhaps not amount mere whiff suspicion something unpleasant no no less disturbing say one note semitone flat major chord two three however sensitive thinwinged organ english schoolma ’ would attained rank “ smell ” word lips emphatic oath mine four least plain stenches beyond vocabulary altogether one was—well,mere plain several two three four whiff smell stenches,,
5,sweetsmelling perfume selected vertues pure streame diuine graces amiable beauty neuer blemished no delight shall withhold no affection seduce no inordinate pleasure entice no sweet smell draw haue tyed selfe spouse sences ministers refreshment sences,sweet perfume selected vertues sweetsmelling smell,,
6,organic nitrogenous compounds must broken nature ammonia nitrates may serve nutrients vegetation evident,organic nitrogenous compounds,,
7,may therefore justice raise song praise fathers country thus swept garnished swept noxious vapours emanations garnished perfume pure fresh air delight invigoration souls,vapours pure fresh air noxious emanations perfume,,
8,sputa exposed air however gives odour wholly different,wholly different odour,,
9,found one ton clay sufficient deodorize tons sewage present discharged ely only portion houses waterclosets yet liquid comparatively weak,one ton clay deodorize,,
10,not warrant narration because know case overruled aristotles philosophy smells nourish not application make good apostle calleth gospel preachers thereof odorem vitae ad vitam savour ofelife unto life,vitae ofelife smells odorem savour,,
11,putrid effluvium mix water seems evident following experiment,putrid effluvium,,
12,transparent limpid volatile pale bluishgreen liquid strong penetrating agreeable camphoraceous odour warm bitterish aromatic camphoraceous taste succeeded sensation coldness mouth,strong penetrating agreeable camphoraceous odour,,
13,ancients called propolis grow considerably hard june though measure soften heat often found different consistence colour smell,propolis smell,,
14,two persons could not perceive odour six ounces warm fluid freshly drawn stomach pump,six ounces warm fluid odour,,
15,last group cases endeavoured show peculiar fetor probably similar origin ozaena not like odour cases nor explanation apply fetor acute chronic bronchitis bronchorrhoea bronchopneumonia tliere no proof rodent ulcerous cavity,probably similar origin ozaena peculiar acute chronic bronchitis bronchorrhoea bronchopneumonia fetor odour fetor,,
16,windows side quadrangle palace holy rood contiguous foul burn irrigated lands regularly closed whenever slightest breath wind quarter prevent apartments filled effluvium,burn foul effluvium,,
17,no pomander smell like oyntment sauiour sweet comfort delight sweet mercy comfortable promise delightfull presence mercy father comfort redeemer delight replenisher mercy compassion deriued abundantly fulnes consolation comfort promise assured expectation delight himselfe plenarie possession,pomander smell,,
18,state heavier atmospherical air cubic inches mean pressure temperture weighing grains pungent odour irrespirable destructive flame imparting extinction bright green colour inflames skin without discolouring corroding,pungent odour,,
19,odor seems occupy intermediate place natural body odors artificial perfumes sometimes serves basis possibly fact occasional sexual influence owing ave already seen tendency sexual allurement attach odors not specific personal body odors yet related,natural body artificial specific personal body odor odors perfumes odors odors,,
20,water mouse immersed saturated putrid air changed greater part putrid air day two absorbed though mouse continues yield putrid effluvium soon fresh water becomes saturated begins offensive smell quantity putrid air upon surface increases,water air air putrid putrid offensive putrid air mouse putrid effluvium smell,,
21,vse much ornament conforting spirits sence smelling,smelling,,
22,pale yellow fragrant odour warm bitterish aromatic taste,fragrant odour,,
23,olfactory sense compared mine must stupid thing dense begin cudgelled use wont blank insensibility,sense olfactory,,
24,statement made last meeting board foul smells injurious health neighbours given premises lower queenstreet rain existsd back yards pools stagnant water,foul pools stagnant water smells,,
25,willingly yeeld stinke strong smell doth argue putrefaction vrines parts shall putrefaction,stinke strong putrefaction vrines smell,,
26,flowers valerian strong offensive first getting little drying aromatick preparations musk civet great quantity fresh stink afterwards small quantity grateful leaves coriander stink seed aromatick,strong offensive aromatick flowers valerian musk civet leaves coriander seed aromatick stink grateful stink,,
27,pale yellow greenishyellow faint agreeable odour bland oleaginous taste congeals partially fahr ° c,faint agreeable odour,,
28,putrefaction concurrs produce fetors separation volatile oyl salt acids earthy parts plants spirit soot oyly salt fetid oyly salt easily separated rine blood putrefaction,fetid putrefaction oyly salt fetors,,
29,slimy mucilage attends opiates outwardly good effect temper heat inflammations whilst effluviums narcotick abate agitation spirits,narcotick opiates effluviums,,
30,bee thou mayest call lumpe waxe clay apple because round like apple thou mayest say hath smell taste apple,apple lumpe waxe clay smell,,
31,stenches attained dignity legal topic interest act parliament become “ nuisances ” law well nature result part banished face land noses inhabitants,stenches,,
32,appears neither substances much deodorizing power mixed liquid,substances deodorizing,,
33,primitive man inclined disparage woman whose odor slight imperceptible — turning away contempt polynesian turned away ladies sydney smellsource anaphoric no smell smellword,slight imperceptible woman whose ladies sydney odor,,
34,although musk simple form ancient name lost hold europe interesting significant fact still perfumes contains musk widely popular,widely popular musk perfumes,,
35,third class opiates sweetish acrid fetid differing poppy smell cicutaria napellus,sweetish acrid fetid third class opiates cicutaria napellus smell,,
36,tide not let river either often abundantly formerly water remote ramifications stream scarcely covers mud hardly ever properly renewed stagnates putrifies,water putrifies,,
37,times scent spot fore wings replaced brush hair hind wing chalky fragrant musk may seen common canarycoloured butterflies tropics callidryas,spot musk scent fragrant,,
38,irish sea stepped train straight mailboat word remember luscious washy odour vividly bestow upon ireland white flower stenchless life,luscious washy life odour stenchless,,
39,bulbous root zedoary kind resembling shape turmerick breaks fine orangecolour fragrant smell aromatic taste,fragrant smell,,
40,appear divers herbs bottled water two months fetor produced mucilaginous mallowleaves bitter artichoakleaves narcotick exceeding fetidness henbaneleaves excoriators spurge smelling like excrements animals,like excrements animals exceeding divers herbs mucilaginous mallowleaves bitter artichoakleaves narcotick henbaneleaves excoriators spurge fetor fetidness smelling,,
41,occasions odour may concealed peppermint tobacco odours,odour,,
42,pus fibroid pyogenic cavities fetid bronchitis undergoes similar change,bronchitis fetid,,
43,ever forget bazaar smells india mingled must fust background garlic strange vices still mysterious atmospheres china deep suggestion musk,mysterious garlic strange vices deep suggestion musk smells atmospheres,,
44,means smell rest mankind commonly mean certainly mad,smell,,
45,pleasing sensation smell followed early affection infant mother suckles hence tender feelings gratitude love well hopeless grief ever joined titillation extremity lacrymal ducts profusion tears,pleasing smell,,
46,peau espagne may mentioned highly complex luxurious perfume often favorite scent sensuous persons really owes large part potency presence crude animal sexual odors musk civet,highly complex luxurious favorite animal sexual peau espagne musk civet perfume scent odors,,
47,— women would inevitably seek supplement natural defects respect accentuate odorous qualities way corsets bustles even civilization sought accentuate sexual saliencies bodies,women odorous,,
48,genera certain “ plumules clubshaped scales fringed fine hair accused possessing scent properties,plumules clubshaped scales scent,,
49,second class aromaticks bitterish aromaticks rosemary marjoram basil calamint pennyroyal bitterness adjoyned volatile oyl salt correct acids stomach cleanse lungs open obstructions glands caused coagulate serum,bitterish rosemary marjoram basil calamint pennyroyal aromaticks,,
50,perfume snuff well not enough perfume flowers must use perfumes true only perfum flowers may good perfumed perfumes mention hereafter leave every ones fancy say only smell flowers well mixt sweet precious smells stronger lasting vertue,snuff well sweet precious stronger lasting vertue flowers flowers perfumes flowers perfume perfume perfumes perfum perfumed smell smells,,
51,light watery perfection joints legs stiff body agreeable smell,agreeable body smell,,
52,strong fumes smellingsalts way inhaled great difficulty breathing alarming pain mouth nostrils,fumes strong smellingsalts,,
53,oil distilled britain chamomile flowers,chamomile flowers,,
54,spot brush yellow callidryas reproduced one satyrinse nymphalinse male blue ageronia arethusa rather strong odour emitted two large brown spots situated wings appear absent others musical genus,strong odour,,
55,cases plastic bronchitis shade also special kind lobar bronchopneumonia closely resembling fetid kind symptoms course occurring rheumatic subjects wliicli liave already referred,special kind lobar bronchopneumonia fetid,,
56,thirdly instrument smelling nigh braine man moysture doth hinder naturall complexion instrument smelling hot drie attractiue drawing vnto,smelling smelling,,
57,cleansed according foregoing directions fit take scent whatever,scent,,
58,relation hath organ likewise general doth not distinguish smells connection hath rose special constant means become almost inseparable imagination like manner thunder lightning freezing cold,smells,,
59,cannot forget intimate friend mine lilliput took freedom warm day used good deal exercise complain strong smell although little faulty way sex suppose faculty smelling nice regard mine people,strong nice smell smelling,,
60,noble man came visit us would cleanse perfume houses,perfume,,
61,oil distilled britain caraway fruit,caraway fruit,,
62,“ accordingly keen observer came conclusion setter distinguished trail others peculiar smell boots not particular scent feet body,peculiar particular boots feet body smell scent,,
63,strong bitters only pure bitters without aromatick fetid odor pungency bitterness bitter almonds centaury parts fixed strong bitters cleanse stomach acid phlegm open liver correcting coagulating acids blood mix acids pass rine preserve blood coagulation help office crude bile hydropical cachexies astriction acid earthy parts abounding bitters help oyl correcting acids,aromatick fetid pungency odor,,
64,rhubarb,rhubarb,,
65,first always foetid odour highly vinous pungent aromatic,foetid highly vinous pungent aromatic first odour,,
66,attempt made time hitchin intercept solid matter sewage series reservoirs open pits outfall new drainage works without means deodorizing arrangements precipitating straining filtering,deodorizing,,
67,intensely disagreeable fecal odor,intensely disagreeable fecal odor,,
68,russian rather dutch musk pots generally moist exhales disagreeable predominant ammoniacal smell whenever pots opened,disagreeable predominant ammoniacal russian rather dutch musk smell,,
69,concrete gummy substance strong faetid smell resembling onions rather shallots small drops tears packt forms massy lump,onions shallots strong faetid smell,,
70,putrefactive substances disagreeable odors flavors — complete discussion compounds capable affecting flavor aroma may formed nitrogenous food would include discussion practically decomposition products formed,disagreeable putrefactive substances odors,,
71,matrix embraceth meeteth sweet odours perfumes unsavory stinking sents abhors flies tis certaine truth every creature even naturall instinct shunneth inconveniences affecteth things convenient,sweet unsavory stinking odours perfumes sents,,
72,qualitie either diet drugs hath bene said good smell vrines may likewise procure vnto euill smell,good vrines smell,,
73,oil greenishyellow mobile lighter water peculiar odour sweet aromatic huining taste,peculiar odour,,
74,aromaticks affect smell taste gratefully motion particles texture agreeable motion texture spirits spirits vegetables differ nothing oyly salts largely diffused vehicle oyly salt spirit contracted without vehicle,gratefully aromaticks smell,,
75,even france france enlightened sensitive refined primitive odours pervade country army knows well,primitive odours,,
76,soft unctious substance generally dusky white rather brown colour supposed found pod bag growing lower part belly civet cat perfume strong rather disagreeable smell substance perfumers know render grateful using small quantities,strong rather disagreeable grateful perfume smell,,
77,even among savages perfuming body sometimes practiced object inducing love partner,body perfuming,,
78,dealing fact primitive protective impulse ensure evilsmelling things shall not swallowed means adopted nature prevent ingestion accidentally occurred reverse prompt,things evilsmelling,,
79,drainage two dwellings runs back front open wooden trough floor lower rooms discharges sort pigeonhole wall street neighbours passengers complain stench generated drainage stagnating pavement gutter,drainage stagnating pavement gutter stench,,
80,tastes joyned fetid smells making contrary aromatick,fetid smells,,
81,many sweet smelling simples saith montanus may cause stinking vrine,sweet stinking vrine smelling,,
82,true surprising odoriferous fragrant smell pungent agreeable bitter astringent taste turbid thickish consistence yellowish colour little come many years stranger must cautious buys every species turpentine mix,odoriferous fragrant smell,,
83,ambergris must well rubbed mortar degrees two pounds powder either white grey must added till ambergris thoroughly incorporated powder sift hair sieve mix three powders together,three powders,,
84,produced coast malabar best contained threesquare pod husk rather larger large pea little judgment required chusing provided fresh sound well filled husks palish colour grateful smell resembling camphor,resembling camphor grateful smell,,
85,croton oil,croton oil,,
86,neither colour rule bear burnish talismanic impress sunlight form attain feathery etherealness day fliers antennae various organs seem fairly heavy mothlike mothlike also expansile scent pencils hair garnish hind tibiae legs many males,pencils hair scent,,
87,worst kinds effluvia generated action sulpuric acid upon raw bones blood pieces skin soot sugarscum suchlike ingredients,worst kinds action sulpuric acid upon raw bones blood pieces skin soot sugarscum suchlike ingredients effluvia,,
88,enormous tropical forests little known man gathers treasures orchid greenhouses great island conservatories like java ceylon borneo rich spices lovely plant life australian bush traces plant life another world often delicate odour even fragments see greenhouses,java ceylon,,
89,may however state enpassant subjects nose persistently even casually suggests offensive smell certain room house nursing might think gasjet not turned leaking gas soilpipes old forgotten cesspool leaking drain mention suspicions doctor responsible head house,offensive smell,,
90,however difference odours difference not perceptible senses only practical point requiring notice diluted odour bitter almonds would probably pronounced many persons indicate presence prussic acid especially existed suspicion violent death,prussic acid diluted bitter almonds odours odour,,
91,urine sometimes becomes fetid like manner,urine fetid,,
92,since laennec first mooted opinion ozenaodour certain forms bronchorrhoea bronchitis attributed several observers putrescence bronchial excretions,ozenaodour,,
93,facts appear explain — called case poisoning acid examination body medical men perceive odour others not,odour,,
94,however much beauty surrounding natural scenery may delight fancy green verdure please eye insupportable odour ever present atmosphere inevitably destroys dissipates enjoyment,atmosphere insupportable odour,,
95,course time ditch become full stagnant sewage stenches arising therefrom summer caused annoyance dwellers berkeleystreet chesterterrace,stagnant sewage stenches,,
96,connected imagination sensation considered smell signifying sensation feeling impression upon mind sense only mind sentient evident mankind give name smell much frequently something conceive external quality body understand something not infer mind not least difficulty conceiving air perfumed aromatic odours deserts arabia uninhabited island human foot never trod,air aromatic odours smell smell perfumed,,
97,cardamon seeds,cardamon seeds,,
98,cassia muniar,cassia muniar,,
99,16,oil distilled europe anise fruit china staranise fruit,staranise fruit,
100,many acrid plants fetid sophia chirurgorum pouches aron abominable,fetid abominable many acrid plants sophia chirurgorum pouches aron,,
101,gentlemen complaints continually made inhabitants rotlierhithestreet southern extremity swanlane horns foul smells obliged endure time past,foul smells,,
102,bristling scent pencils however characteristic moths usually distinguish males although commonly retained pouches presence little suspected pricked needlepoint twilight sphinges especially quick nerve sometimes found present sexes sharp fear touch grasp ilowerhoverer reposing diurnal lethargy cause momentary expansion,pencils scent,,
103,characteristics odour fetid bronchitis differs essentially fetid abscess true pulmonary gangrene,fetid bronchitis fetid abscess odour,,
104,found natural smell much supportable used perfumes immediately swooned away,natural much supportable smell perfumes,,
105,istacke also recorded case shoe fetichist declared sexual attraction shoes usually wife lay largely odor leather,leather odor,,
106,predominance musk sexual odor associated fact actual nervous influence apart presence sexual associations considerable,sexual musk odor,,
107,regard odour dr,odour,,
108,oil lemon,oil lemon,,
109,distressing nuisance families resident quarter every occasion wind blows direction houses marshes tanks compelled shut windows prevent intrusion noxious exhalation,noxious exhalation,,
110,moll considers no doubt rightly shoe fetichism perhaps frequent sexual fetichistic perversions greatly favored indeed not owe origin associated odor feet shoes,feet shoes odor,,
111,newly ploughed fields unprofitable trackingground reason turned earth strong aromatic odour apart chemicals c may previously put,strong aromatic newly ploughed fields odour,,
112,gdorious blue satin morphos pride brazilian forest trees protrusible hemispherical anal appendages sometimes odoriferous vanilla brassolinse another bulky south american progeny pencils erectile hairs spots scales present,protrusible hemispherical anal appendages vanilla odoriferous,,
113,smell onely neuer certaintie collected informe iudgements concerning disease,smell,,
114,irishmen honour tasting light omelette scientific literature noticed sure not included sister isle olfactory paradise,paradise olfactory,,
115,spanish snuff fine redish colour imitate nicely take best dutch snuff well cleansed granulated coloured red beat fine sift fine lawn sieve,best dutch snuff,,
116,hot weather heap exhaled smell offensive inmates neighbouring houses,offensive heap smell,,
117,costus dulcis aromatic firm root resembling spikenard smell little use,resembling spikenard costus dulcis aromatic smell,,
118,persian literature contains many references musk attractive body odor firdusi speaks woman hair crown musk arabian poet motannabi says mistress smellsource hyacinthine smellsource hair smellsource smells smellword sweeter quality evokedodorant scythian evokedodorant musk evokedodorant,attractive body musk odor,,
119,fine odoriferous gum sometimes small drops tears often brought home masses sawdust sand c,fine odoriferous,,
120,way elephants emit musky odor facial glands rutting season,musky elephants odor,,
121,iuly flowers wall walliulyflowers wallflowers beeflowers winteriulyflowers because growing walles euen winter good bees grow euen stone walls seeme dead summer yet reuiue winter,iuly flowers wall walliulyflowers wallflowers beeflowers winteriulyflowers,,
122,may also distill oyle linum rhodtum way sauing shall not neede macerate aboue houres water menstruum distill oyle hath pleasing smell manner equall oyle roses,manner equall oyle roses pleasing oyle linum rhodtum smell,,
123,let us therefore suppose person exercise sense smelling little experience discover nose organ sense air something air medium,smelling,,
124,brownishyellow dark reddishbrown fluorescent viscid consistence increased age faint peculiar somewhat rancid disagreeable odour oily acrid taste,faint peculiar somewhat rancid disagreeable odour,,
125,oil distilled britain coriander fruit,coriander fruit,,
126,get several sorts sieves thin others thick cloth according courseness cloth make grains snuff passing must not searce perfum flowers,flowers perfum,,
127,muller delicious cases caution professor westwood noticed doubtless needful may not bright beings bathe sunlight vapoury distillations livelong day gather odour fly,delicious,,
128,56,galopin stated knew women whose natural odor musk less frequently ambergris sufficiently strong impart bath less hour perfume due entirely exhalations musky body must added galopin enthusiast matter,natural sufficiently strong musk ambergris odor,
129,expresse good quantity iuice thereof set fire giue onely walme two grow cleere cooled pour away cleerest filter peece cotton euaporate filtred iuyce till come thicke substance thus shal haue excellent extracte rose gilloflower c perfect sent taste flower whereas common waie make extracte eyther spirit wine faire water water plant kind menstruum,perfect extracte rose gilloflower flower sent,,
130,leaf flower perfume depends essential oil different states conditions,oil leaf flower perfume essential,,
131,citizen cologne coleridge ’ days example must anosmic sevenandtwenty stenches offended englishman time counted many ten objectionable public perfumes yea,sevenandtwenty many ten objectionable public anosmic stenches perfumes,,
132,panax coloni sideritis deadnettle smell galeopsis smells perceivable,deadnettle perceivable panax coloni sideritis galeopsis smell smells,,
133,seizing one butterflies either sex pushes fourth fifth segment abdomen two hemispherical protuberances producing disagreeable odour male second pair fifth sixth segments abdomen different musklike odour produced black spot beneath front wings,musklike disagreeable two hemispherical protuberances black spot beneath front wings odour odour,,
134,certainly true simple form odor musk not nowadays highly considered europe,musk odor,,
135,perfumers valuable assistant possessing highest degree fresh floral fragrance renders highly useful compounds,fresh floral fragrance,,
136,indeed know no intractable malady even stockings shoes changed two three times aday powerful scents used morbid stench still diffused,morbid stench,,
137,invariably based coumarin modified lavender bergamot perfumes according exact note perfumer wishes give product,lavender bergamot perfumes,,
138,putrefaction ayre hot moist apt destroy taken nostrills first because heat subtile passeth vp speedily pellicle mooueth fume moisture,ayre putrefaction,,
139,concrete gummy rosinous juice various colours sizes produce persia fine aromatic smell bitter aromatic taste best brought home ten years past solid lumps size nutmeg pigeon egg palish yellow colour broke appeared inside whitish mealy substance though breaks deep orangecolour firmer texture shining much preferable,fine aromatic smell,,
140,air thus generated putrid mice standing water without mixture common air extinguishes flame noxious animals not common air only tainted putrefaction,putrid mice,,
141,flowers much used perfuming snuff orangeflower water jasmin common roses musqued roses tuberoses flowers hardly perfume naturally unless use great quantity add essence flowers see receipts perfuming snuff done smell never last long perfumes,snuff hardly flowers orangeflower water jasmin common roses musqued roses tuberoses flowers flowers perfuming perfume essence perfuming snuff smell perfumes,,
142,milky resinous exulcerators oyl fixt joyned acidacrid salt tithymalus esula smell acid rather hot scent,acid hot milky resinous exulcerators tithymalus esula smell scent,,
143,fresh tabaco smells narcotick flowers bitter mucilaginous acrid much resembles henbane figure oyl clamminess touch bitterness pungency solanum lignosum,solanum lignosum narcotick bitter mucilaginous acrid fresh tabaco smells pungency,,
144,eestif de la bretonne somewhat shoe fetichist appears enjoyed smelling shoes,shoes smelling,,
145,passengers public conveyance annoyed equal exent nuisance forms neverending subject complaint xecration among company railway train stagecoaches idiich pass within margin fetid marsh dr rankin superintendent railway informs us “ ie officers employed almost constant opportulities hearing passengers lamenting grievous nuisance rhich populous neighbourhood exposed ”,fetid marsh,,
146,krafftebing again brings forward case shoe fetichism significant fact mentioned subject bought pair leather cuffs smell masturbating,pair leather cuffs smell,,
147,year following became convinced bad enough influence easterly winds march april may sickening almost intolerable warm months wind quarter,bad enough sickening almost intolerable,,
148,found smell thus constantly conjoined rose mind rest without inquiring whether conjunction owing real efficiency not philosophical inquiry not concern human life,rose smell,,
149,vngodly swine respects swine choaked smell roses chew not meate vnrofitable seruices voluptuous carnall men world heare see good godly thing doth choake neuer ruminate consider law god good no worke piety religion hauing no soule swine haue,roses smell,,
150,let none stand amazed pageantry false churches nor value whore rome because bravery,whore rome,,
151,foule stinke infull soules godly father obserues therefore christ last iudgement shall shake irreuocable depart not able endure smell no not long shall bee iudging,foule infull soules stinke smell,,
152,intend sale must full proof clean no bad smell,bad smell,,
153,aromatickastringents aromaticks cordial astringency strengthen fibres stomach membranes nervous parts acid evident astringency hinder greater rarefaction blood fragrant pungent oyl,fragrant pungent aromatickastringents oyl,,
154,light sound odours unknown foetus womb except sensations motions already mentioned sleeps away time insensible busy world,unknown odours,,
155,cases plastic bronchitis run course almost identical cases fetid bronchopneumonia,bronchopneumonia fetid,,
156,though naturall life not yet spirituall nourished odours savours,odours,,
157,“ changing experiments soaked ordinary shooting boots oil aniseed walked park,oil aniseed,,
158,nor complaints without foundation mentioned length street mile besides surrey consumers gas works no less nine factories fabrication patent manure say nine sources fetid gases,gases fetid nine factories fabrication patent manure,,
159,also vrines passe place oppressed putrid vlcers yet purulent matter mingled become stinking,vrines stinking,,
160,ferment oil erica vulgaris,ferment oil erica vulgaris,,
161,linked memory evening ’ glory comes like gentle strain longforgotten song rich pungent smell turfsmoke eddying blue low chimneys soft air twilight,soft air twilight rich pungent turfsmoke smell,,
162,heated saturation gave offensive effluvia abundance spread surface offensive matter escape odour prevented,offensive offensive matter effluvia odour,,
163,far anatomical changes observed fetid pulmonary diseases manifestly fibrinous exudation degeneration — short observed acute chronic tissuechanges rheumatic origin,pulmonary diseases fetid,,
164,also proper perfume distinguishing smell urine,urine proper distinguishing perfume smell,,
165,may look upon fetid cavity therefore consecutive fibroid degenerations ordinary phthisis vomica consecutive tuberculization,cavity fetid,,
166,smell might well termed ozaenaodour,ozaenaodour smell,,
167,stench two street gullies clarencestreet much complained beg submit propriety trapping favourable consideration board,stench,,
168,special characteristic fibroid cartilaginous ulcerations fetid,fibroid cartilaginous ulcerations fetid,,
169,princes street besides full cesspool choked drain washhouse pool stagnant sewage inmates place complain sickness headache woman employed wash clothes premises effect stench suddenly seized vomiting purging forced leave work,pool stagnant sewage stench,,
170,smell rose certain aff ection feeling mind not constant comes goes want know may expect uneasy till find something present brings feeling along removed removes,rose smell,,
171,blossoms trees fragrant though leaves smell crude,crude blossoms trees leaves fragrant smell,,
172,cheat discerned easie dissolving water different colour scent,different cheat scent,,
173,opening body smell acid perceptible,perceptible acid smell,,
174,therefore made business visit works repeatedly spend hours promises must premise stating no means yet discovered carrying process gasmaking without offensive odours,offensive odours,,
175,odour accompanies electrolyzation water observes only disengaged positive electrode,odour,,
176,moreover smell negress said musky character among europeans musky odor said characteristic blondes,musky musky negress blondes smell odor,,
177,thus male death shead moth point squeaking fingers abdomen inflates sessile pencil yellow hair starts fold dorsal ventral arcs base plate v fig expanding stellate form swift whirling motion like trundled mop fig immediately arises oily volatile effluvia resembling scent jessamines soon becoming nauseous,jessamines oily volatile nauseous effluvia scent,,
178,perfumes containing musk piesse states wellknown book art perfumery sell best,musk perfumes,,
179,amend taste smell malaga,malaga smell,,
180,pale yellow colourless odour fruit mild aromatic taste,odour,,
181,papilionidae instance front wings males sometimes oval chalky spot side opposite dark brownish spot upper side hind wings spots emitting strong disagreeable odour,strong disagreeable oval chalky spot dark brownish spot odour,,
182,concerning sicks vrine saith teach vs stinking vrines signifie putrefaction humours much difference smels take vpon iudge seuerall humours putrified,vrines seuerall humours putrified stinking smels,,
183,third sort brown red dirty small frequently mixed ordinary inferior gum mixed contract smell flavour true gum,true gum smell,,
184,lasagne correctly remarks fetor fetid bronchitis,bronchitis fetor fetid,,
185,hand leaf odours persistent — ready sought,persistent leaf odours,,
186,philosopher tells no smell plants nor thing mind impossible smell mind hath demonstrated modern philosophy,plants smell smell,,
187,carminative medicines must laid upon whole inward region fomentation made leaves rue motherwort penniroyall flowers melilot camomile unguent de althea oyl camomile dill rue loosen ¦ eth passages opening pores expelling winde pessaries may p • • made civet musk amber must affront nose stinking odours steame brimstone smoke ascending old shoes burn partridge feathers sagapenum galbanum fetida like cast fire because matrix doth abhor retreat flie things whereas sweet things doe allure,stinking steame brimstone smoke ascending old shoes burn partridge feathers sagapenum galbanum fetida odours,,
188,however undesirable draining open ditches may abovementioned case would infinitely preferable present exists carrying sewage away dwellings open space effluvia becoming diluted would probability harmless open ditch beginning dead head southern extremity berkeleystreet running course two hundred fifty three hundred yards discharges sewer swanlane,sewage effluvia,,
189,arrack,arrack,,
190,stench great several inmates houses applied personally get abated,great stench,,
191,long retention vrine bladder may make stinke,stinke,,
192,proceeds not bag bat heart produaf not offinking cattle perfumed manners ihich not offered bloody hands ptre understanding not killed may deflroyed isaac sacrificed may live,manners perfumed,,
193,point objection bad smells preceded scientific discoveries beginning slender support rationalism,bad smells,,
194,thence also comes memory heliotrope,heliotrope,,
195,case pulmonary gangiene compared first example fetid bronchitis breath horrible made sick vomiting using tlie stethoscope,fetid bronchitis,,
196,aforemention may inferr fetids inwardly hot nature discussing tumors outwardly opening pores,hot nature fetids,,
197,rape linseed fall bags ground unpaved lie rot shower rain stench offensive,offensive stench,,
198,much disagreement prevails respect deodorizing power peat charcoal mr,peat charcoal deodorizing,,
199,perfume perfumes interesting present point view certainly musk,interesting musk perfume perfumes,,
200,smell ozaena fact similar observed examples fetid fibroid vomicai,ozaena smell,,
201,experienced brewer sensitive smell able judge even walking brewhouse whether not trim again repeat no man not sensitive smell taste good brewer,sensitive sensitive smell smell,,
202,nauseousbitter depends composition mucilage bitter bryonyroots squills berries spina cervina foxgloves mucilage stomach relaxes fibres causes bitter stick longer act strongly vomiting purging taste polygala sena,bryonyroots squills berries spina cervina foxgloves nauseousbitter,,
203,reported friend dr low king lynn together clinical remarks breath sputa noted odour quality rather quality faecal quality quality gangrenous quality quality sputa became like scent apple hawthorn blossom,apple hawthorn blossom quality rather quality faecal quality quality gangrenous quality quality breath sputa sputa odour scent,,
204,strongly scented ground makes tracking difficult animal human scent overpowered thus clover fields highly scented crops manured fields decided drawbacks,ground strongly overpowered highly animal human clover fields crops manured fields scented scent scented,,
205,32,lizards musky odor heightened sexual season crocodiles pairing season emit submaxillary glands musky odor pervades haunts,musky musky lizards crocodiles odor odor,
206,juneus odoratus sweet cane,juneus odoratus sweet cane,,
207,horseradish leaves bottled water two months smelling like garlick well pungent taste quick flying nose eyes like salammoniack conclude cepaceous kind would properly constitute second degree volatile salts much stronger former,like garlick horseradish leaves smelling,,
208,bacterides may however cause kinds wliich gangrenous cavity no contact external air no fetor inasmuch abundantly present blood carbuncular gangrene sometimes affects lungs,gangrenous cavity fetor,,
209,although fetid pus not uncommon pulmonary fetor sui generis no means common symptom,not uncommon pulmonary pus fetid fetor,,
210,nature origin pulmonary fetor fetid bronchitis bronchorrhoea,pulmonary bronchitis bronchorrhoea fetor fetid,,
211,socrates spake philosophy nothing meditatio mortis meditation upon death may divinity manner nothing else meditatio mortis christi meditation christs death learnedest apostles would knowne no knowledge much esteemed icdesire saith know nothing jesus christ crucifieddpliny describeth unto us strange kind people africa no mouthes received nourishment nostrils nothing else sweet smells fragrant odours take long journey provide great store flowers sweet wood aromaticall spices lest starve way,sweet fragrant spices smells odours aromaticall,,
212,22,tasted water butt no strongly impregnated flavour drainage,water butt flavour drainage impregnated,
213,nymphalidae great group butterflies rudimentary forelegs find common cosmopolitan dana inse dactylate hollow processes abdominal extremity furnished hairs protrusion emit disagreeable odour sexual pouches possibly connection exist first median nervure hind wing species seen tawny danais extends range southern europe,disagreeable hairs protrusion odour,,
214,prawns shrimps hard stiff pleasant scent tails turned strongly inward new limber colour faded faint smell feel slimy stale,pleasant faint prawns shrimps scent smell,,
215,another manner perfuming snuff flowers,snuff flowers perfuming,,
216,almost every yard inundated overflowing cesspool one two cases filth literally penetrating ground floor houses every breath inhaled inmates must charged effluvia arising liquid pollution,liquid pollution effluvia,,
217,inhalation pestilential vapours arising nuisance time visit already begun work,vapours pestilential,,
218,however mistress insist upon burnt small quantities time produced put fire latter low gets dull covered cinders little damp coaldust burn away without causing bad smell,bad smell,,
219,reason choice perfumes often adulterated counterfeited shall endeavour discover cheat lest deceived thereby suffer loss,perfumes,,
220,also whose veynes vessels full grosse humors corrupt juyces venemous matter thicke therefore unapt breath pores putrefaction increased inward heat driven malignitie thence onward pestilent qualitie,,,
221,adulteration musk civet ambergriese,musk civet ambergriese,,
222,reason seems connection mind general no way distinguisheth smells even tastes sounds kinds sensations,smells,,
223,oleum linl linseed oil,linseed oil,,
224,viii quality virtue bodies call smell,bodies smell,,
225,burns local surveyor ely early made successful experiments treating gas water clay induced recently apply conjunction lime deodorizing sewage completion drainage works ely,clay conjunction lime deodorizing,,
226,narcoticks heavy offensive smell like poppies solanum sweet heady smell like roots bearsears,heavy offensive sweet heady narcoticks like poppies solanum like roots bearsears smell smell,,
227,gentlemen variocs complaints made inhabitants part rotherhithe called jamaica level owners property district intolerable nuisance occasioned casting mud millstream near houses,intolerable nuisance,,
228,short time water contracts extremely fetid offensive smell seems indicate putrid effluvium pervades water affects neighbouring air since often no increase air seems substance carried water fast generated offensive smell sufficient proof not fixed air,water air fetid offensive putrid offensive smell effluvium smell,,
229,seen chinese poet vaunts musky odor mistress armpits another oriental saying concerning attractive woman navel filled musk,musky mistress armpits odor,,
230,putrid smell thames water noted several public papers among others weekly reports registrargeneral undoubtedly remarked many gentlemen present must again mention large population hanoverstreet no water supply except tidal rcell unless content stinking thames water must beg steal theyconsume,putrid stinking thames water thames water smell,,
231,fourth class bitterish acrid taste cowslips also fragrancy heady low degree amongst opiates roots cowslips acrid bitterish,heady fourth class fragrancy,,
232,men making manure open vessels smell street offensive remarks thereon uttered almost every passenger,offensive manure open vessels smell,,
233,nay farre stinking smell giuing vs particular notice disease cannot much affoord vs certaine generall knowledge,stinking smell,,
234,not cases related numerous nor kindred type diseased action constitutional peculiarity may urged cause serious morbid affections produced evil effects nauseous exhalation confined,exhalation nauseous,,
235,majority perhaps not best judges indeed seen men devoid taste smell made little difference whether putrid fresh food presented,putrid fresh food smell,,
236,curious braine may demand sweet things held nose doe breed fits mother contrary stinking things appease fits,stinking things,,
237,thus case orange difference essential oils flowers leaves rind fruit afford three different kinds perfume,oils flowers leaves rind fruit essential perfume,,
238,possibly faecal odour may excretion first observed case not originate socalled metastasis noted state faeces odour observed no change,faecal excretion faeces odour odour,,
239,ill smell gives nauseousness aron pouches whose smell make one vomit smells many herbs bottled warm water henbane spurge,ill aron pouches whose many herbs henbane spurge smell smell smells,,
240,pleasant perfume take drachm musk four cloves four ounces lavenderseed drachm half civet half drachm ambergris heat pestle mortar rub musk cloves lavenderseeds together lump loaf sugar wineglass full angelic rosewater,pleasant musk four cloves four ounces lavenderseed drachm half civet half drachm ambergris musk cloves lavenderseeds lump loaf sugar wineglass full angelic rosewater perfume,,
241,one difficulties associated burning refuse servants say cannot dispose thus because makes bad smell,bad refuse smell,,
242,several different types clover course also add fragrance hayfield odour,hayfield odour fragrance,,
243,naturally close intimate connection sense smell nervecentres stimulated evoke feeling nausea mind—and bodily acts follow,smell,,
244,sputum correctly described mucopurulent character disagreeable quality faecal quality odour smellword smellword anaphoric quality intense quality circumstances circumstances expectorated circumstances smellword anaphoric circumstances standing circumstances exposed circumstances circumstances circumstances air circumstances becomes changed quality — sometimes time evokedodorant wetmortar evokedodorant smell smellword generally simulates appleblossom evokedodorant closely,sputum,,
245,afraid reader take ill long detaine among vnpleasing smels selfe begin waxe wearie vnworthie thing neuer tooke pleasure leaue like better,vnpleasing smels,,
246,colourless pale yellow greenishyellow vv hen recent becoming reddish age odour taste herb,odour,,
247,would necessarily follow whosoeuer seised feauer proceeding putrefaction humours voyd stinking vrines false,stinking vrines,,
248,much bitter nauseous thus sweet gall overmuch sweet bitter overimpregnates papillae mouth stomach cause aversion stomach much light offends eyes makes water,sweet gall nauseous,,
249,next accident vrine qualitie qualities witnesseth mercuriale according doctrine arabian physitians fiue smell tast sound touch colour,vrine smell,,
250,kind pastils lighted manner candle,pastils,,
251,one class affections no cognisable disease yet characteristic odour faecal exhaled,characteristic faecal odour,,
252,done hanging time jakes house office ill scents innate vertue odour excited revived,ill scents odour,,
253,besides odour evolved not like fetid pus expectorated cases empyema cavity communicates bronchus purulent bronchial excretion undergo change must something composition cases special character,fetid pus odour,,
254,senna leaves,senna leaves,,
255,colourless pale greenishyellow characteristic odour fruit warm aromatic taste,odour,,
256,avoidance only possible country odours fine etherealised rare,etherealised rare,,
257,probably proportion part fixed air not readily absorbed water bears rest therefore air first distinguished name putrid effluvium probably fixed air mixed phlogistic matter processes diminishes common air,putrid effluvium,,
258,lobster new pleasant scent part tail joins body tail opened fall smart like spring stale rank scent tail limber flagging,pleasant rank lobster scent scent,,
259,kind pepper difference tail stalk berry much aromatic pepper resembling jamaica pepper called common people allspice generally bought malabar coast dry sound clean,resembling jamaica pepper much aromatic,,
260,lastly organs perfume said exist subfamily swallow tails along anal margin hind wings males recurved,organs perfume,,
261,fluid aroma secreted near insertion “ fans,fluid aroma,,
262,make water smelling eglantine gilloflowers c,water eglantine gilloflowers smelling,,
263,fetor highest degree also volatile salt admixt proved excrements animals putrefied flesh rine blood putrefied vegetables yield volatile salt,highest degree excrements animals putrefied flesh rine blood putrefied vegetables fetor,,
264,ozaena ulceration nasal cartilages rodent fibroid ulcers offensive discharge odour not like smell decomposing pus ordinary ulcers,not like smell decomposing pus ordinary ulcers odour,,
265,allied offensive odour forms rheumatic fever cases acute recuitcnt attacks leprous inflammation skin paroxysm terminates copious plastic exudation cutaneous cellular tissue,offensive odour,,
266,patient man profuse stronglysmelling sweats like rheumatic rheumatic corpuscles urine,sweats stronglysmelling,,
267,tailed hair streaks sexual spot may seen disc front wings female green sort said odorous singular instance scent secretion supplanting fixed wing colour,disc front wings female secretion odorous scent,,
268,sweet root alwayes carry us root flower jesse savoury wood smell unto wood crosse tree life midst paradise,wood crosse smell,,
269,colourless pale yellow recent gradually becoming reddishbrown high degree odour taste cloves,cloves odour,,
270,consequence letter addressed beginning month complaining stenches emanating premises messrs,stenches,,
271,one may observe young infants suck early periods life sensation affects organ smell much powerfully repeated habits smelling inured odours common strength adult years stronger smells though time agreeable us volatile spirits continue produce increased secretion tears,common strength stronger time agreeable sensation smell smelling odours smells,,
272,scenting pungent odorous substance young man indicated ready sued girls,pungent substance scenting odorous,,
273,33,time visit place certainly quite free offensive smell collecting tank not yet opened try effect manure,offensive smell,
274,christison states diffused distant resemblance bitter almonds accompanied peculiar impression acridity nostrils back throat,distant resemblance bitter almonds,,
275,historical fact movement rendered england pioneer country matter public health received first impulse even owes continued existence simple accident english public grown intolerant overobtrusive odours,overobtrusive odours,,
276,yeleow saunders,yeleow saunders,,
277,viscid yellow faint odour bland oleaginous taste,faint odour,,
278,speculations naturally arisen immediate origin composition volatile matter causes stench blood easily impregnated volatile stuff readily concluded comes blood,volatile matter blood stench impregnated,,
279,laycock nervous diseases women stated opinion musk smellsource odor smellword certainly sexual quality odor smellword man fere states musk odor among natural perfumes nearly approaching odor sexual secretions,sexual secretions natural musk odor perfumes odor,,
280,opinion dog goes foot scent ground also body scent latter scent think another reason tracking evening night much easier dog,foot body scent scent scent,,
281,furnace e shewn section intended consuming foul gases sewers heating oven drying clay peat mixing wet manure,gases foul sewers,,
282,secondly heat doth resist coldnes moisture braine hinderers smelling,smelling,,
283,special significance musk present point view lies not only fact perfume widely scattered throughout nature often agreeable form time frequent personal odor man,frequent personal musk perfume odor,,
284,floral odours again emitted only particular times say androecia whorl attains maturity flowers quite fresh even case many orchids flowers scent intermittent only perceived different times day night — time suppose connection diurnal nocturnal visits insects act marriage priests native wilds,floral intermittent many orchids flowers odours scent,,
285,orfila also says similar bitter almonds — indeed common impression,similar bitter almonds,,
286,conclude opinion patent manure may made properly closed vessels without nuisance manufacturers article whose premises offensive neighbouring inhabitants compelled erect proper machinery conducting operation mixing manner fetid gases exhaled therefrom carried high shaft still found nuisance burned passing coke fire escaping air,gases patent manure therefrom fetid,,
287,muriatic acid,muriatic acid,,
288,dr gamgee however demonstrated already plain enough acquainted facts get stinks pulmonary excretion whatever subject chemical torments distillation acidification neutralization redistillation like,pulmonary excretion stinks,,
289,oyl may distilled plants taste smell vertue plants whence conclude taste smell proceed oyl volatile salt associated,plants oyl oyl volatile salt smell smell,,
290,perhaps may think equally probable others first become find exposure air lungs bloodheat surface body cases fetid perspiration,perspiration fetid,,
291,putrified aire cannot passe speedily mans heart diuers creatures instrument smelling couered pellicle filme lifted vp smell ayre fume pellicle grosser man creatures therefore requireth hotter stronger fume mooue,ayre fume putrified aire smelling smell,,
292,snuff perfum buds roses,snuff buds roses perfum,,
293,unable perceive odour prussic acid exists large proportion whether mixed water liquids others again peculiarly susceptible,prussic acid odour,,
294,secondly instrument smelling placed deeper head creatures,smelling,,
295,remarkable however though piece beef mutton plunged quicksilver kept degree heat yield air bulk inflammable contracts no putrid smell least day two mouse treated manner yields proper putrid effluvium indeed smell sufficiently indicates,putrid effluvium putrid piece beef mutton mouse smell smell,,
296,roundly asserted due simply want cleanliness stench fetid bronchitis attributed gangrene theory certainly not sound,fetid bronchitis stench,,
297,suspect however cases examples pyogenic cavities dilated bronchi not gangrene probable pyogenic membranes give forth purulent stuff bronchial mucous membrane cases fetid bronchitis,bronchitis fetid,,
298,leaf odours versus floral odours compare leaf odours flower odours find considerable difference,floral leaf leaf flower odours odours odours odours,,
299,myrrh,myrrh,,
300,consume entirely away burning exhale fragrant smoke,smoke fragrant,,
301,gallingals,gallingals,,
302,would often strip naked top toe lay full length bosoms wherewith much disgusted because say truth offensive smell came skins not mention intend disadvantage excellent ladies manner respect conceive sense acute proportion littleness illustrious persons no disagreeable lovers people quality us england,offensive skins illustrious persons smell,,
303,colonel leathom dragoon guards quartered regiment may till august piershill barracks deponed “ frequently sensible disagreeable offensive smell barracks certain proceeded stagnant water restalrig,disagreeable offensive stagnant water smell,,
304,agreeable flavour whether produced fermentation extracted chalk oil vitriol affecting not only mouth even nostrils pungency peculiarly pleasing certain degree person may easily satisfy chuse make experiment,peculiarly pleasing pungency,,
305,generally brought home short knotty pieces inch half long size turmerick pale red colour bitter taste aromatic smell,aromatic smell,,
306,valleix observed exceptions honible putrid smell certain cases odour resembled feces although death nothing observed lung usually found,resembled feces honible putrid smell odour,,
307,fact connected evergrowing refinement accordance specific odors sexual regions human beings tend lose primitive attractiveness bodily odors generally become mingled artificial perfumes disguised,specific bodily artificial sexual regions human beings odors odors perfumes,,
308,conclusion supported fact many odor new shoes sometimes desired adjuvant coitus,new shoes odor,,
309,stampe hearb put large glasse leauing two parts emptie commend iuice hearbe onely nip else lute glasse wel digest balneo daies shall finde red diuide watrish part remaineth bloud essence hearb,hearb essence,,
310,chuse thinskinned pods not cut open smell musk powerful pieces liver thing else may mixed sometimes lead shot make heavy,powerful musk smell,,
311,strong bitters pungency acrid bitters celandine correct acids open obstructions also giving quick motion blood done volatile bitter oyl volatile pungent salt taste vertue depend,volatile salt pungent,,
312,Smell\_Source,31,taste spread whole plant only bitterness depends fixt oyl terebinth aromatick oyly salt,oyly salt aromatick
313,22,writers speak dreadful smeii true pulmonary gangrene none ever describe faecal except louis,dreadful faecal smeii,
314,must necessarily confine pronenade within narrower range seek erge lernian marsh health putrid effluvia id enjoy,putrid lernian marsh effluvia,,
315,odour probably result glucosidal decomposition constituents present plants resulting formation little coumarin,odour,,
316,snuff perfum flowers,snuff flowers perfum,,
317,haue digested rose leaues speace moneths sicut ante num eyther barrels hookers distill faire water limbeck draw long finde anie excellent smell rose diuide fatty oile fleeteth top rose water haue excellent oile roses also good rosewater togither shall also haue water ordinarie way rosewater extendeth farther physicall compositions serueth best perfumes casting bottles,excellent rose oile roses smell perfumes,,
318,scented tables pastils,tables pastils scented,,
319,regard scent left man much interesting speculation arises whether dog works entirely foot scent depends well body scent much,left man foot body scent scent scent,,
320,colour pale yellow odour pungent taste hot sweetish,pungent odour,,
321,also brown sort appears mealy substance sells near well second sort colour taste smell inside appears glassy solid generally less lumps,smell,,
322,little management everything cannot bo used may burnt either copper fire kitchen fire — bones broken tealeaves fragments everything else result instead bad smells produced avoided because damp refuse put dustbin speedily ferments decomposes causes smell dangerous welt unpleasant cause cholera typhoid refuse burnt rendered quite harmless,bad dangerous unpleasant damp refuse smells smell,,
323,inwardly fetids volatile parts pierce channels nerves mend crudity nervous juyce faetor excite different motion hysterick fits convulsions remove cause tumultuous motion spirits correcting acidities stagnation succus nervosus disposed glandulous liquors,fetids faetor,,
324,fetor breath closely resembling consideration observed pregnancy scorbutus cachectic states rheumatic character blood highly fibrinous embolism not uncommon,breath fetor,,
325,complaints often made smell mud millstream millpond bridge surrey mills,mud millstream smell,,
326,elderleaves fetid yet flowers fragrant flowers saponaria though leaves resemble elder,elderleaves flowers flowers saponaria fetid fragrant,,
327,opoponax,opoponax,,
328,closet stink like pothecaries shop drugs medicines administer sick neighbours spoil next quacks practice receipt book belongs family,like pothecaries shop drugs medicines closet stink,,
329,small white butterfly belonging one male according kirby redolent thyme exotic fraternity scent described dr,white butterfly thyme redolent scent,,
330,powder great use several perfumery compositions afterwards directed odour finest parts musk without disagreeable ingredients may happen present,powder finest parts musk odour,,
331,stinking town,stinking,,
332,many moths likewise raised scales wingsurface not aware source scent attraction,raised scales wingsurface scent,,
333,first buds ribes nigra infused wines especially rhenish makes diuretick fragrant smell taste doth clary,fragrant buds ribes nigra smell,,
334,muller far odours concerned interesting fairyformed manycoloured things tropical bush,odours,,
335,oil eucalyptus,oil eucalyptus,,
336,rubbish allowed accumulate attempt made burn quantity fire goes unpleasant odour created,unpleasant odour,,
337,niieke mentions colleague informed prostitute several clients desired odor new shoes room accustomed obtain desired perfume holding shoes moment flame spirit lamp,desired new shoes odor perfume,,
338,form scented pastils roll bits paste shape cone may stand upright set dry,pastils scented,,
339,drie hearbe flower distill faire water limbecke draw no longer find sent water issueth reiterate water vpon fresh herbes distil diuiding sweetest rest,water hearbe flower sent,,
340,author ’ attention long directed remarkable fact odour resembling phosphorus given escape positive electricity point conductor air likewise perceptible lightning struck object also water electrolyzed investigated circumstances attending phenomena results obtained expects afford clue discovery cause,phosphorus perceptible odour,,
341,pale yellowish wood pleasant smell bitterish aromatic taste leaves agreeable kind pungency generally brought large thick logs care taken quite sound solid,pleasant smell,,
342,second class volatile salts rank tastes smells like garlick onyons whose smells rank fetid tastes pungent hot,like garlick onyons whose rank fetid second class volatile salts smells smells,,
343,exceedingly difficult tedious collect quantity putrid air not miscible water great proportion collected absorbed water kept proportion not endeavoured ascertain,air putrid,,
344,get wooden box big occasion line within dry paper lay bed snuff inch thick bed flowers along till no let lay flowers twenty four hours searce snuff take flowers renew time continue four five days think snuff perfum enough flowers keep close boxes dry place meddle flowers within because not heat,snuff flowers perfum,,
345,true russian musk pod mentioned loose none round balls pills like china,true russian musk,,
346,oil cajupnt,oil cajupnt,,
347,first case observed breath sputa rendered spacious ward odious privy stench fresh foeces,fresh foeces stench,,
348,putrefaction proceedeth earth vppermost partes earth stinking channells standing lakes priuyes polluted places dunghills vncleane kept houses like felt many sudden great stinches vnsauerie smells cannot distinguished discerned whereof commeth because confounded beeing made diuers stinches yeare wil many frogges toades venemous wormes fleas flyes,stinking great vnsauerie diuers channells standing lakes priuyes polluted places dunghills vncleane kept houses many frogges toades venemous wormes fleas flyes stinches smells stinches,,
349,prussic acid thin transparent colourless liquid peculiar smell greatly resembles bitter almonds,greatly resembles bitter almonds peculiar prussic acid smell,,
350,third degree balsamicks geranium moschatum geranium columbinum taste astringent smell musk since geraniums smell turpentine musk suppose highest state oyl vegetable rarefied turpentine thereby becomes odoriferous hence terebinthinates taken inwardly farther separation acid salts blood cause violet smell rine because aromaticks produce effects rine therefore aromatick odors turpentine agreeable nature,geranium moschatum geranium columbinum geraniums rine violet aromatick agreeable musk turpentine musk turpentine terebinthinates turpentine smell smell odoriferous smell aromaticks odors,,
351,odour sufficient proof independently distillations sputa temperature ° fahr may add ordinary pulmonary vapour collected kept quickly becomes fetid even condensed vapours windows rooms crowded people smells offensively although highest temperature cannot exceed °,offensively ordinary pulmonary vapour condensed vapours odour fetid smells,,
352,whereby vnderstand no hot reeking dung filthy stinking carcasse cast chanell odious sight smell impenitent sinner sight nostrels god angels,hot filthy odious dung carcasse reeking stinking smell,,
353,cause well said sauonarola treatise vrines signes also obserued annoying putrified members purpose well orderly examine trie finde skill concerning vrines,vrines,,
354,first case could only liken delicate scent decaying apple case oliver,delicate decaying apple scent,,
355,suffocating sensation produces respiration removed almost soon perceived not recur again disagreeable irritation lacrymal ducts must frequently recur till tender organ becomes used variety odours one first pains repeatedly attended hence throughout infancy many people throughout lives disagreeable sensations attended snivelling nose profusion tears peculiar distortions countenance according laws early association mentioned constitutes natural universal language grief,variety odours,,
356,fritz muller prosecuting entomological research virgin forests brazil stated brought consider sexual organs diffusion odours various pencils tufts manes hair chalky silky velvety spots peculiar scales well recurved margin pouches enclosing pale buff white distinguish wings many brilliant exotic male butterflies,various pencils tufts manes hair odours,,
357,effects aromaticks body warm stomach discuss wind constitute class sweet aromaticks fenniltastes accounted carminatives because rarefie flatuous exhalations chyle primae viae discuss,exhalations chyle flatuous,,
358,inconvenience wine becomes heady elder flowers added clary remedy also betters fragancy thereof ’ tis manifest eldervinegar flowers apt make wine ropy,elder flowers fragancy,,
359,musk odors however often considerable strength widely distributed nature alike among animals plants,considerable strength musk odors,,
360,opiates inwardly produce sweat small quantity one two grains fetid oyly acrid salt runs classes opiates,fetid oyly acrid salt,,
361,also cassia lignea bright colour good shape little no smell taste breaking handful sticks ascertain quality almost well tasting fine smell always strong taste,little fine cassia lignea smell smell,,
362,galbanum,galbanum,,
363,contrary snuff receives perfume readily preserves flavour longer account,snuff perfume,,
364,colourless pale yellow recent gradually becoming darker odour fruit spicy somewhat acrid taste,odour,,
365,oil dill,oil dill,,
366,must add another class balsamicks turpentine smell give smell like dead nettle red lamium turpentine flavor another smell perceived also,like dead nettle another class balsamicks another turpentine red lamium smell smell smell,,
367,wine sweet enough add spirits wine one pound hogshead give cask strong scent,cask strong spirits wine scent,,
368,burns without leaving residue “ chlorine water emits odour roses,roses odour,,
369,offensive perspiration feet peculiar cabbagelike stench given,peculiar cabbagelike stench offensive perspiration feet,,
370,olibanum,olibanum,,
371,organisms likewise may interfere preservation food changing consistency flavor odor even producing definite poisonous decomposition products termed ptomaines,odor,,
372,interesting novel — dealing adventures jewish maiden persian court xerxes — title esther found way old testament told customary royal harem shushan submit women prolonged course perfuming admitted king six time months time smellsource oil smellsource smellsource myrrh smellsource six time months time smellsource sweet smellsourcequality odors smellsourcesmellword,women perfuming,,
373,deckt pearles precious stones smells strong aegypt,aegypt strong smells,,
374,caused purifier containing dry lime another containing sulphate iron stirred presence perceived nothing ordinary smell gas not strongly expected mentioned first report sulphate ammonia fabricated premises described process,ordinary strongly gas smell,,
375,storax calamita storax tears,storax calamita storax tears,,
376,smelling termed vnnecessariest sences yet may employed cases necessitie witnesse democritus against celebration feast buthysia fasted nine dayes sustayning nature onely smell hot bread,hot bread smelling smell,,
377,suppose man meets modern philosopher wants informed smell plants,plants smell,,
378,gum assafaetida,gum assafaetida,,
379,no rilk using sieve retains scent flower perfume snuff flavour musk ambergrise perfume,sieve snuff flower flavour musk ambergrise perfume scent perfume,,
380,slight effluvium sulphurous gases given not last long nor extend beyond building,slight sulphurous gases effluvium,,
381,yet purpose practise point wish go arabians haue written curiously concerning point may regard aromaticall drugs vrines may better taste europaeans feed grosser food,drugs aromaticall,,
382,recent investigators shown us loathsome deadly typhus fever known years “ filthdisease ” carried lice pests breed flourish bodily cleanliness neglected personal odours strong,personal strong odours,,
383,said probably certain degree truth peau espagne perfumes nearly approaches odor woman skin whether also suggests odor leather not clear,peau espagne woman skin leather perfumes odor odor,,
384,ambergrease,ambergrease,,
385,family sometimes summer keep windows shut order exclude bad smell ponds ”,bad ponds smell,,
386,mezereon laureola faint lilysmell oyl not much conducing corrosiveness depends volatile salt alone made volatile addition oyl,faint mezereon laureola lilysmell,,
387,dr euiotson remarks incidentally phthisis expectoration sometimes smells like evokedodorant fasces evokedodorant,expectoration smells,,
388,cholericke hote complexioned men void often strong smelling vrines howsoeuer free fro,strong vrines smelling,,
389,latreille whose house situated near outlet thames much suffered health stenches generated pond emptied,stenches,,
390,june one oclock pm unpleasant smell vapour linseed oil extended considerable distance round arches occupied messrs,vapour unpleasant linseed oil smell,,
391,although weather cold time examinations accumulation solid sewage settlings quarter century exhaled faint sickening smell,faint sickening accumulation solid sewage smell,,
392,stinking vrines come foure seuerall meanes,vrines stinking,,
393,absent hearing small white spaniel belonged one chief gardeners got accident garden happened range near place lay dog following scent came directly taking mouth ran straight master wagging tail set gently ground,scent,,
394,many turpentine balsams aromatick smell balsam de tolu balsam mechae balsam peruvian benjamin storax many herbs ladanum segetum botrys fragrant terebinthinate smell juniper cedar sassafras besides oyl turpentine easily extract fragrant oyls vegetables frequently mixt sophistications whence may argue differ only turpentine mixt latent acid pure acid therefore aethereal odoriferous roots valerian smell like turpentine flowers like jessamy little dryed,like turpentine like jessamy oyl turpentine aromatick fragrant terebinthinate many turpentine balsams balsam de tolu balsam mechae balsam peruvian benjamin storax many herbs ladanum segetum botrys juniper cedar sassafras oyls turpentine roots valerian flowers smell smell fragrant odoriferous smell,,
395,true spanish snuff fine redish make take red snuff grains beat mortar pass fine sieve cleansed colour prescribe beginning treatise perfume only flowers spanish perfume tis done,true spanish snuff only flowers spanish perfume perfume,,
396,p e r f u e,p e r f u e,,
397,aforemention instances fetids,fetids,,
398,not better thing stinking town,stinking,,
399,small aromatic reed straw colour little use,aromatic,,
400,july examined water well smelt recently dipped sewer,recently dipped sewer water smelt,,
401,going leith regiment two three occasions stench strong instant sickened,strong stench,,
402,toilet perfume somewhat resembling mixture lavender water eau de cologne rounded one following bodies cassia oil cinnamon oil cinnamic aldehyde clove oil pimento oil bay oil eugenol lemongrass oil,resembling mixture lavender water eau de cologne toilet perfume,,
403,informed surgeon extensive practice north england committed suicide years ago because offensive malady,malady offensive,,
404,leaf odours hand latent negative rarely detected except leaves touched pressed bruised,latent negative leaf odours,,
405,strong bitters fetid odor ballote bitterness correct acids stomach blood fetidness amend acid nervous juyce cause equal expansive motion spirits prevent unequal distribution nerves fits convulsion,fetid ballote odor fetidness,,
406,nothing else done mix together snuff perfum several sweet flowers prepare well less hardly discern smell prevails tis done,snuff several sweet flowers perfum smell,,
407,air time moist still fugitive ’ body scent remains suspended air goes along great additional aid dog,fugitive ’ body scent,,
408,overpowering stench perceived tunnelsquare morning wednesday june,overpowering stench,,
409,persumes arabia hide choak stink,persumes stink,,
410,strange say strong odour not interfere bitch ’ scent ran quickly,strong bitch ’ odour scent,,
411,fetor proceeds oyls appears smell rancid oyl distill oyly substances fat butter oylolive distill,oyls rancid oyl distill oyly substances fat butter oylolive distill fetor smell,,
412,pale yellow nearly colourless fragrant odour flowers hot bitter aromatic taste,fragrant odour,,
413,consists washleather steeped ottos neroli rose santal lavender verbena bergamot cloves cinnamon subsequently smeared civet musk,washleather neroli rose santal lavender verbena bergamot cloves cinnamon ottos,,
414,pus abscesses abdominal parietes found highly faecal smell although careful examination failed detect connexion abscess intestines,highly faecal pus abscesses smell,,
415,evinced tuft hair disagreeable odour,disagreeable tuft hair odour,,
416,man would wear scent back neck dance order attract attention particular girl believed act magical certainty manner charm reports cambridge anthropological expedition torres straits vol v pp,scent,,
417,difference degree betwixt aromatick fetid plants appears many instances galeopsis smells fetid first handling afterwards aromatick,fetid aromatick plants galeopsis aromatick fetid smells,,
418,hippocrates epidem saith cranon citie thessalie arose putrid vlcers pustuls carbuncles hot moyst constitution ayre,vlcers pustuls putrid,,
419,ambergris musk chief member linnseus group odores ambrosiacce group sexual significances zwaardemaker remarks ranks besides capryl group odors,ambrosiacce capryl ambergris musk odores odors,,
420,opinion peculiar sence occasion danger body benefit receiues crude vnholesome vapours foggie corrupt exhalations subiect infection true especiall delights confers one inconveniences cheering whole bodie sweetest odours giuing libertie vitall powers otherwise would imprisoned delight fellowsences else would dulled sweet breathing ayre reciued many arguments consequence bring vs exact acknowledgment sences excellencie,foggie corrupt sweetest whole bodie exhalations odours,,
421,not affect olfactory nerves produces merely sense constriction throat,olfactory,,
422,24,generally agreeable aromatic odour warmed considered grateful perfume,agreeable aromatic grateful odour perfume,
423,sagapenum procured india fetch good price measure resembles assafaetida less tears smells like garlick instead onions assasaetida,measure resembles assafaetida like garlick smells,,
424,second class may bitterish subacrid mucilaginous narcoticks solanum lethale bacciferum stramonium cynoglossum besides pungency solanum lignosum bitterness roots cynogloss boyl smell like spirit hartshorn,like spirit hartshorn roots cynogloss smell,,
425,true china musk colour old brown nutmeg generally rolled contained pod form little round pills strong fine agreeable though singular smell,strong fine agreeable singular true china musk smell,,
426,wicked vngodly sinner lying stinking pleasures truely swine wallowing filthy puddle filthy aswine gluttonous swine delighting dirt swine not smelling stinke sin swine doth stinke dirt wallowes,pleasures sin dirt stinking smelling stinke stinke,,
427,odour instance distiller ’ fermentation works mixture raw corn malt always different night day brewer ’ sound fermentation works good malt,different distiller ’ fermentation odour,,
428,galbanum assa faetida sagapenum,galbanum assa faetida sagapenum,,
429,no doubt sulphur predominant albeit not exclusive constituent fetid volatile changes,sulphur fetid,,
430,galen witnesseth whatsoeuer thing putrified hath euill fauoured smellwherefore pestilentiall feauers vrines commonly stinking smell,euill fauoured stinking vrines smellwherefore smell,,
431,factitious preparation mineral substances mixed perfume round oval shape gilt gilding rubbed brownish inside straw colour little demand,perfume,,
432,not probable odor leather explains whole shoe fetichism — shall see another study question comes us — many cases cannot said enter however one factors,leather odor,,
433,mucilaginous also fetid atriplex olida,mucilaginous atriplex olida fetid,,
434,reason assigned man street reform indeed still stenches breed epidemic diseases,stenches,,
435,passing burnet kind like incarnation union night day males exotic glaucopidae two long retractable filaments generally beset hairs ventral side abdomen sometimes emitting strong odour,strong hairs odour,,
436,20,entered one stench sitting room worse privy,worse privy stench,
437,ditch clean without smell receives drainage ten small houses,ditch smell,,
438,also finds odoriferous principle preserved wellclosed glass bottles length time,odoriferous,,
439,musk odor not only animals given name many others specifically sexual odor chiefly emitted sexual season,sexual musk odor odor,,
440,must express doubt however cases tubercular phthisis never observed faecal odour cases,faecal odour,,
441,effect produced saline pungent oyl altering acids glands brain correcting attenuating lympha succus nervosus glandulous humors prone stagnation acidity aromaticks exciting motion correcting acidities thereby rendring succus nervosus volatile deserve name cephalicks not improbable volatile parts dispose medicine circulate towards brain windy liquors disturb head no part,saline oyl cephalicks pungent aromaticks,,
442,internal membrane nostrils may kept always moist better perception odours two canals conduct tears done office moistening cleaning ball eye sack called lacrymal sack duct opens nostrils aperture duct formed exquisite sensibility stimulated odorous particles dryness coldness air sack contracts pours contained moisture organ smell,particles odours odorous smell,,
443,doddsplace ditch filthy state cast last month effluvium arising caused great annoyance neighbourhood,effluvium,,
444,exudations feet required combined shoeleather brown paper stop transmission scent ”,scent,,
445,civet put end hot pestle rub well handful powder add little little fix pounds powder sift whole hair sieve incorporate perfumed powder,powder perfumed,,
446,aforementioned instances appears opiates hot effluviums offend smell,hot opiates effluviums,,
447,italian snuffs put mortar convenient vestel quantity snuff already scented flower pour little white wine add agreeable essence ambergrise musk perfume like best stir snuff rub well hands,snuff agreeable flower ambergrise musk scented essence perfume,,
448,muskox musky mole several species called muskrat muskduck muskbeetle among plants received names real supposed musky odor besides several called muskplant muskrose muskhyacinth muskmallow muskorchid muskmelon muskcherry muskpear muskplum muskat muscatels muskseed musktree muskwood etc musky odor not merely widespread nature among plants lower animals peculiarly associated man,musky musky muskox musky mole muskrat muskduck muskbeetle muskplant muskrose muskhyacinth muskmallow muskorchid muskmelon muskcherry muskpear muskplum muskat muscatels muskseed musktree muskwood odor odor,,
449,yellowish recent gradually becoming cherryred odour taste cinnamon bark,cinnamon bark odour,,
450,narrates case shoe fetichism man perversion began age first time wore new shoes previously used only leftoff shoes elder brother felt smelt new shoes sensations unmeasured pleasure years later began use shoes method masturbation,new shoes smelt,,
451,only metals yield odour gold platina dilute sulphuric phosphoric nitric acids aqueous solutions several salts also disengage,gold platina dilute sulphuric phosphoric nitric acids aqueous solutions several salts odour,,
452,oil distilled britain flowers lavandula vera,flowers lavandula vera,,
453,perfume kept leather bag learns well sewed waxed thread,perfume,,
454,organ smell irritated perfume lacrymal sack empties nostrils explained increase tears poured eyes,perfume,,
455,noisome smell people imagine deadly pestilence probably because patients affected epidemic diseases smallpox typhus diphtheria give nauseating odours,noisome nauseating patients affected epidemic diseases smell odours,,
456,travelled season coast genoa no doubt remember charming bouquets garlands made cassie intermixed flowers,cassie,,
457,rosinous gum mostly brought turkey sometimes east indies small round drops tears pale yellowish colour rarely transparent general hardly pellucid species frankincense aromatic smell rather disagreeable acrid astringent taste chewed milky colour,species frankincense aromatic smell,,
458,come immediately poison taken may produced merely smelling,smelling,,
459,readily seen nighttime favourable retention scent evaporation not take place rapidly course shown dogs especially useful time,scent,,
460,nevertheless much truth superstition bad smells also surface accumulations filth soaking soil subsoil contaminate surface wells only requires advent typhoid “ carrier ” set widespread epidemic agoing,bad smells,,
461,wellingtonstreet albionstreet rain pool stagnant water hot weather disagreeable stench arises,disagreeable pool stagnant water stench,,
462,smell vrines haue little no smell else sweet pleasing smell finally stinking smell,little sweet pleasing stinking vrines smell smell smell smell,,
463,yards respects clean orderly never could perceive foul smell observe pool stagnant water statement borne testimony surveyor officers vestry,foul pool stagnant water smell,,
464,keep snuff canisters closely syopped prevent scent exhaling,snuff scent,,
465,colourless pale yellow odour taste copaiva,copaiva odour,,
466,strong bitters aromatick wormwood eupatorium cannabinum work volatile oyl salt blood stomach whence accounted antidotes against coagulations venoms pestilential infections,strong bitters wormwood eupatorium cannabinum aromatick,,
467,vertues turpentine plants depending oyl pectoral cleansing diuretick astringent faculty stopping vulnerary better vulnerary cleansing astringent smells balsamick turpentine plants plants bear name balsamick terebinthinate aromatick botrys mechabalsam juniper ladanum segetum agreeable stomach ordinary turpentine besides vulnerary faculty may cordial also aromatick,balsamick balsamick terebinthinate turpentine plants botrys mechabalsam juniper ladanum segetum smells aromatick aromatick,,
468,only stench perceived july strong odour sugar scum issuing arches,strong sugar scum stench odour,,
469,rheumatic condition important element cases shown collateral evidence although morbid product need not necessarily lactic acid certainly not cases pulmonary fetor,pulmonary fetor,,
470,arabian nights many allusions use perfumes women less definitely stated aphrodisiacal intent,perfumes,,
471,seems highly probable especially emphasized hagen perfumes primitively used women not sometimes case civilization idea disguising possible natural odor object heightening fortifying natural odor,perfumes,,
472,manner making snuff grains different bigness,snuff,,
473,oil lighter water peculiar sweet ethereat odour aromatic slightly biting taste,peculiar sweet ethereat odour,,
474,haue nine ten seuerall colours diuers big roses flowers saue damaske rose pleasant sight smell last not past three foure yeeres vnremoued,pleasant smell,,
475,sexual odors indeed animals seem modifications musk,sexual musk odors,,
476,middle state vegetable oyl observable turpentine plants hypericon smell taste evince pure turpentine taste bitterish astringent smell terebinthinate acid fixes much earthy parts produces astringency whereby oyl loosned,terebinthinate turpentine plants hypericon smell smell,,
477,putrefaction procure stinking smell,stinking smell,,
478,peculiar longwinged iteliconinse glades scent organs male situated anal valves female placed dorsal side abdominal extremity also scentbrush conclusion may drawn figure volume “ foreign butterflies ” belonging naturalist library series,organs scent scentbrush,,
479,vpon top glasse bodie straine haire cloth vpon lay good store roseleaues either drie halfe drie water ascend verie good smell colour,water verie good roseleaues smell,,
480,spikenard,spikenard,,
481,oil distilled britain fullgrown unripe green fruit juniperus communis,fullgrown unripe green fruit juniperus communis,,
482,not only fragile flowervases sweet odours flow breathe leaf stem whole many trees bushes stately cum trees australia sweet verbena chili,fragile bushes odours leaf stately chili,,
483,burn incense no breath might smell,incense smell,,
484,naturally air cold country clearer obnoxious vapours tropical subtropical climes spite first whiff tibetan monastery like eskimo hut grips throat say like air brewing vat,like eskimo hut vapours first air cold country tibetan monastery obnoxious whiff,,
485,oyl salt plants great proportion plant emit violent steams offending organ smelling chiefly forcibly repelling spirits towards brain creates aversion fetid smell perceived,violent steams offending,,
486,strong acid smell also always pervades atmosphere neighbourhood factories mixing going,atmosphere strong acid smell,,
487,foincoupe — popular type perfume supposed reproduce odour newmown hay,foincoupe newmown hay perfume odour,,
488,kept mouse producing putrid air manner space several months,air putrid mouse,,
489,comminuted herb soaked water exposed sun whereby acquires offensive odour liquid distilled distillate saturated common salt flocks thereby separated collected filter dissolved ether ether slowly evaporated,offensive comminuted herb odour,,
490,oil spearmint,oil spearmint,,
491,civet,civet,,
492,since structural disease constitutional fair conclude predisposing causes peculiar fetid excretion constitutional linked etiologically fibroid change tissue,peculiar excretion fetid,,
493,remarks refer chiefly cases pulmonary fetor changes structure observed,pulmonary fetor,,
494,frequent conversations among officers respecting offensive smell particular expressed surprise barracks built near nuisancer surprise officers shared believe already stated every regiment ever quartered unwholesome station wonder ought no attempt ever made government authorities remove evident only cause insalubrity — surrounding marsh,offensive smell,,
495,consider kings mills stream nuisance worst kind many complaints made thought advisable bring notice vestry,worst kind kings mills stream nuisance,,
496,not odour breath cases fetid abscess ozaena,breath abscess ozaena odour fetid,,
497,aromatic odour spicy pungent flavour leaving sensation coldness mouth,aromatic odour,,
498,odor muskduck chiefly confined breeding season musky odor negress said heightened sexual excitement,musky muskduck negress odor odor,,
499,indeed thousand causes may alter change smell,smell,,
500,opinion duty responsibility end far smells drains concerned,smells,,
501,restore lost scent musk ambergriese,lost musk ambergriese scent,,
502,indol methyl indol skatol commonly formed native proteins peptones absence carbohydrates many organisms,indol methyl indol skatol,,
503,take handful powder incorporate well mixture sift sieve add two three pounds powder even larger quantity till perfume brought proper degree strength,mixture perfume,,
504,robert walker time minister canongate church another witnesses deponed “ many time felt smell offensive high degree grounds marionville south house insomuch sicken particularly foot garden felt offensive smell sickened l unwell two days ”,offensive high degree offensive smell smell,,
505,no let pigmalion dote owne picture narcissus shape niobe numerous progenie taste shall taste sweet lord touch apprehension loue sight contemplation glory eare accent praise smell repose faire pleasant pastures word,smell,,
506,euen smell conduit conveyed vnto vs dilated fountaine gods mercie doe apprehend varieties flowers sootes sweetes moued philosopher terme sence harbinger spring,smell,,
507,elderbitters smells scorphularia discussing faculty outwardly fetidness bitterness,scorphularia smells fetidness,,
508,violet one charming odours nature well might shakspeare exclaim — sweet thief whence didst thou steal thy sweet quality smells smellword,one charming violet odours,,
509,odour true newmown hay due sweetscented grass known anthoxanthum odoratum grass although many others contribute,true newmown hay grass anthoxanthum odoratum odour sweetscented,,
510,grew cottage beyond grey granite fishingharbour dublin bay brings also faint ineffable fragrance inseparable blending emotions clings neverdying odour memory holidays ireland,faint ineffable neverdying fragrance odour,,
511,africa principally tunis essential oil cassie made sold £ per ounce french italian flowers not sufficiently powerful yield essence,oil cassie essential,,
512,think smell oyntments sinsicke soule soiled conscience cured power raise dead lazarus stinking graue hauing bene foure dayes buried,oyntments dead lazarus smell stinking,,
513,schellong states papuans kaiser wilhelms land rub various fragrant plants bodies purpose,fragrant plants,,
514,pipe also conveying solid liquid matter drain flooring houses leaky lower part houses especially no often covered liquid sewage smells abominably,abominably liquid sewage smells,,
515,observed odour sui generis compared pulmonary fetors therefore characters,sui generis pulmonary odour fetors,,
516,snuff perfum great many sorts flowers,snuff great many sorts flowers perfum,,
517,meanes pray thee shouldst thou stinking smell vrine know putrefaction,stinking vrine smell,,
518,not only musk cherished perfume islamic world special favorite prophet greatly delighted perfumes perceiver anaphoric love location world location reported said old age women location anaphoric perfumes smellword only perfume generally used women land refinements life carried far japan received chinese moreover musk still popular european perfumes,cherished only popular european musk musk perfume perfumes perfume perfumes,,
519,nauseous taste depends sweet bitter mixed mucilage pungency aloes agarick rubarb docks want only sweetness bitter slimy subacrid astringency,aloes agarick rubarb nauseous,,
520,colourless greenishyellow odour taste cubebs,cubebs odour,,
521,likewise females show either side anal organs shining spot odoriferous volatile acid,volatile acid odoriferous,,
522,snuff scented spanish manner take lump doublerefined sugar rub mortar twenty grains musk add little little pound snuff grind whole ten grains civet rubbing afterwards well hands,snuff scented,,
523,however caused excess fibrin probably predisposing exciting cause fetor,fetor,,
524,fact no ground however conclusions nothing special odour fetid bronchitis causes must abandon term perplexing unscientific unphilosophical correct phrase bronchitis fetid smellwordquality expectoration smellsource,fetid bronchitis odour,,
525,concrete gummy rosinous juice produce persia best brought home way east indies reddish orangecoloured drops tears broke inside appears pale yellow intermixed white specks fragrant smell something like sellery roots pleasant bitter acrid taste,something like sellery roots fragrant smell,,
526,gum sagapenum gum sarcocolla gum tragacanth come cheap turkey,gum sagapenum gum sarcocolla gum tragacanth,,
527,pale blue greenishblue gradually becoming yellowish brown peculiar aromatic taste odour flowers,odour,,
528,balm balsam gilead,balm balsam gilead,,
529,take much buds roses pluck green knots room put many cloves throw glassbottle well stopt expose bottle hot sun three weeks month may use perfume snuff cleansed give sweet smell,snuff sweet buds roses perfume smell,,
530,24,odour pulmonary gangrene obviously due putrescent decomposition dead pulmonary tissue odour putrefaction,pulmonary gangrene putrefaction odour odour,
531,divers bitters fetid stinking horehound eldersmells scrophularia bitterfetid stinking gums bitter well acrid fetid,fetid bitterfetid stinking acrid fetid stinking horehound scrophularia gums eldersmells,,
532,manner use perfuming snuff,snuff perfuming,,
533,chuse meet mixed dirt sticks bits cane rubbish reduce value aromatic smells better fine tears like east india gums,like east india gums smells,,
534,factories full activity month december july stores stinking ingredients used manufacturers give permanent smell parts street mixing goes action sulphuric acid upon animal vegetable matter gives stench occasioned headache nausea vomiting cough inmates houses adjacent factories,stinking permanent ingredients smell stench,,
535,sticks horrible memory fumous steamy stench parboiled cabbage filled restaurantcar train belfast—yes,fumous steamy parboiled cabbage stench,,
536,small root issue several small fibres resembling bunch brush inch long light weight darkish brown colour aromatic rather disagreeable smell careful free dust earth,aromatic rather disagreeable smell,,
537,sphinx moth musky odor confined male doubtless sexual,musky sexual sphinx moth odor,,
538,resolve part always pay great regard dictates common sense not depart without absolute necessity therefore apt think really something rose lily vulgar called smell continues exist not smelled shall proceed inquire come notion relation quality virtue smell hath sensation obliged call name want another,rose lily smell smelled smell,,
539,brought europe little hard ponderous pieces chips burnt reduced powder bitterish aromatic taste fragrant smell little use small quantity true would fetch high price ton would overdo market,fragrant smell,,
