,clean_sentence,clean_token,ref_type,original_ref_type
403,seizing one butterflies either sex pushes fourth fifth segment abdomen two hemispherical protuberances producing disagreeable odour male second pair fifth sixth segments abdomen different musklike odour produced black spot beneath front wings,musklike disagreeable two hemispherical protuberances black spot beneath front wings odour odour,Olfactive,Quality
598,haue nine ten seuerall colours diuers big roses flowers saue damaske rose pleasant sight smell last not past three foure yeeres vnremoued,pleasant smell,Olfactive,Quality
138,organ smell irritated perfume lacrymal sack empties nostrils explained increase tears poured eyes,perfume,Olfactive,Quality
294,niieke mentions colleague informed prostitute several clients desired odor new shoes room accustomed obtain desired perfume holding shoes moment flame spirit lamp,desired new shoes odor perfume,Olfactive,Quality
520,readily seen nighttime favourable retention scent evaporation not take place rapidly course shown dogs especially useful time,scent,Olfactive,Quality
37,men making manure open vessels smell street offensive remarks thereon uttered almost every passenger,offensive manure open vessels smell,Olfactive,Quality
543,closet stink like pothecaries shop drugs medicines administer sick neighbours spoil next quacks practice receipt book belongs family,like pothecaries shop drugs medicines closet stink,Olfactive,Quality
406,passing burnet kind like incarnation union night day males exotic glaucopidae two long retractable filaments generally beset hairs ventral side abdomen sometimes emitting strong odour,strong hairs odour,Olfactive,Quality
509,invariably based coumarin modified lavender bergamot perfumes according exact note perfumer wishes give product,lavender bergamot perfumes,Olfactive,Quality
586,indol methyl indol skatol commonly formed native proteins peptones absence carbohydrates many organisms,indol methyl indol skatol,Olfactive,Quality
84,concrete gummy substance strong faetid smell resembling onions rather shallots small drops tears packt forms massy lump,onions shallots strong faetid smell,Olfactive,Quality
112,pale yellowish wood pleasant smell bitterish aromatic taste leaves agreeable kind pungency generally brought large thick logs care taken quite sound solid,pleasant smell,Olfactive,Quality
345,remarks refer chiefly cases pulmonary fetor changes structure observed,pulmonary fetor,Olfactive,Quality
569,inconvenience wine becomes heady elder flowers added clary remedy also betters fragancy thereof ’ tis manifest eldervinegar flowers apt make wine ropy,elder flowers fragancy,Olfactive,Quality
531,however difference odours difference not perceptible senses only practical point requiring notice diluted odour bitter almonds would probably pronounced many persons indicate presence prussic acid especially existed suspicion violent death,prussic acid diluted bitter almonds odours odour,Olfactive,Quality
203,aromatickastringents aromaticks cordial astringency strengthen fibres stomach membranes nervous parts acid evident astringency hinder greater rarefaction blood fragrant pungent oyl,fragrant pungent aromatickastringents oyl,Olfactive,Quality
493,spanish snuff fine redish colour imitate nicely take best dutch snuff well cleansed granulated coloured red beat fine sift fine lawn sieve,best dutch snuff,Olfactive,Quality
558,burn incense no breath might smell,incense smell,Olfactive,Quality
534,facts appear explain — called case poisoning acid examination body medical men perceive odour others not,odour,Olfactive,Quality
207,fetor highest degree also volatile salt admixt proved excrements animals putrefied flesh rine blood putrefied vegetables yield volatile salt,highest degree excrements animals putrefied flesh rine blood putrefied vegetables fetor,Olfactive,Quality
503,pleasant perfume take drachm musk four cloves four ounces lavenderseed drachm half civet half drachm ambergris heat pestle mortar rub musk cloves lavenderseeds together lump loaf sugar wineglass full angelic rosewater,pleasant musk four cloves four ounces lavenderseed drachm half civet half drachm ambergris musk cloves lavenderseeds lump loaf sugar wineglass full angelic rosewater perfume,Olfactive,Quality
130,concrete gummy rosinous juice produce persia best brought home way east indies reddish orangecoloured drops tears broke inside appears pale yellow intermixed white specks fragrant smell something like sellery roots pleasant bitter acrid taste,something like sellery roots fragrant smell,Olfactive,Quality
517,leaf flower perfume depends essential oil different states conditions,oil leaf flower perfume essential,Olfactive,Quality
125,also brown sort appears mealy substance sells near well second sort colour taste smell inside appears glassy solid generally less lumps,smell,Olfactive,Quality
450,also proper perfume distinguishing smell urine,urine proper distinguishing perfume smell,Olfactive,Quality
20,factories full activity month december july stores stinking ingredients used manufacturers give permanent smell parts street mixing goes action sulphuric acid upon animal vegetable matter gives stench occasioned headache nausea vomiting cough inmates houses adjacent factories,stinking permanent ingredients smell stench,Olfactive,Quality
4,hippocrates epidem saith cranon citie thessalie arose putrid vlcers pustuls carbuncles hot moyst constitution ayre,vlcers pustuls putrid,Olfactive,Quality
169,yet purpose practise point wish go arabians haue written curiously concerning point may regard aromaticall drugs vrines may better taste europaeans feed grosser food,drugs aromaticall,Olfactive,Quality
115,also cassia lignea bright colour good shape little no smell taste breaking handful sticks ascertain quality almost well tasting fine smell always strong taste,little fine cassia lignea smell smell,Olfactive,Quality
9,noble man came visit us would cleanse perfume houses,perfume,Olfactive,Quality
418,only metals yield odour gold platina dilute sulphuric phosphoric nitric acids aqueous solutions several salts also disengage,gold platina dilute sulphuric phosphoric nitric acids aqueous solutions several salts odour,Olfactive,Quality
177,matrix embraceth meeteth sweet odours perfumes unsavory stinking sents abhors flies tis certaine truth every creature even naturall instinct shunneth inconveniences affecteth things convenient,sweet unsavory stinking odours perfumes sents,Olfactive,Quality
327,must express doubt however cases tubercular phthisis never observed faecal odour cases,faecal odour,Olfactive,Quality
366,oil spearmint,oil spearmint,Olfactive,Quality
32,ditch clean without smell receives drainage ten small houses,ditch smell,Olfactive,Quality
408,thus male death shead moth point squeaking fingers abdomen inflates sessile pencil yellow hair starts fold dorsal ventral arcs base plate v fig expanding stellate form swift whirling motion like trundled mop fig immediately arises oily volatile effluvia resembling scent jessamines soon becoming nauseous,jessamines oily volatile nauseous effluvia scent,Olfactive,Quality
120,galbanum,galbanum,Olfactive,Quality
157,nay farre stinking smell giuing vs particular notice disease cannot much affoord vs certaine generall knowledge,stinking smell,Olfactive,Quality
214,divers bitters fetid stinking horehound eldersmells scrophularia bitterfetid stinking gums bitter well acrid fetid,fetid bitterfetid stinking acrid fetid stinking horehound scrophularia gums eldersmells,Olfactive,Quality
68,dealing fact primitive protective impulse ensure evilsmelling things shall not swallowed means adopted nature prevent ingestion accidentally occurred reverse prompt,things evilsmelling,Olfactive,Quality
170,stinking vrines come foure seuerall meanes,vrines stinking,Olfactive,Quality
168,afraid reader take ill long detaine among vnpleasing smels selfe begin waxe wearie vnworthie thing neuer tooke pleasure leaue like better,vnpleasing smels,Olfactive,Quality
552,let none stand amazed pageantry false churches nor value whore rome because bravery,whore rome,Olfactive,Quality
525,opinion dog goes foot scent ground also body scent latter scent think another reason tracking evening night much easier dog,foot body scent scent scent,Olfactive,Quality
365,oil distilled europe anise fruit china staranise fruit,staranise fruit,Olfactive,Quality
283,said probably certain degree truth peau espagne perfumes nearly approaches odor woman skin whether also suggests odor leather not clear,peau espagne woman skin leather perfumes odor odor,Olfactive,Quality
191,nauseous taste depends sweet bitter mixed mucilage pungency aloes agarick rubarb docks want only sweetness bitter slimy subacrid astringency,aloes agarick rubarb nauseous,Olfactive,Quality
350,indeed know no intractable malady even stockings shoes changed two three times aday powerful scents used morbid stench still diffused,morbid stench,Olfactive,Quality
468,another manner perfuming snuff flowers,snuff flowers perfuming,Olfactive,Quality
436,let us therefore suppose person exercise sense smelling little experience discover nose organ sense air something air medium,smelling,Olfactive,Quality
288,narrates case shoe fetichism man perversion began age first time wore new shoes previously used only leftoff shoes elder brother felt smelt new shoes sensations unmeasured pleasure years later began use shoes method masturbation,new shoes smelt,Olfactive,Quality
51,july examined water well smelt recently dipped sewer,recently dipped sewer water smelt,Olfactive,Quality
269,sexual odors indeed animals seem modifications musk,sexual musk odors,Olfactive,Quality
241,frequent conversations among officers respecting offensive smell particular expressed surprise barracks built near nuisancer surprise officers shared believe already stated every regiment ever quartered unwholesome station wonder ought no attempt ever made government authorities remove evident only cause insalubrity — surrounding marsh,offensive smell,Olfactive,Quality
384,oil dill,oil dill,Olfactive,Quality
219,elderleaves fetid yet flowers fragrant flowers saponaria though leaves resemble elder,elderleaves flowers flowers saponaria fetid fragrant,Olfactive,Quality
185,milky resinous exulcerators oyl fixt joyned acidacrid salt tithymalus esula smell acid rather hot scent,acid hot milky resinous exulcerators tithymalus esula smell scent,Olfactive,Quality
56,linked memory evening ’ glory comes like gentle strain longforgotten song rich pungent smell turfsmoke eddying blue low chimneys soft air twilight,soft air twilight rich pungent turfsmoke smell,Olfactive,Quality
270,sphinx moth musky odor confined male doubtless sexual,musky sexual sphinx moth odor,Olfactive,Quality
540,opening body smell acid perceptible,perceptible acid smell,Olfactive,Quality
343,however caused excess fibrin probably predisposing exciting cause fetor,fetor,Olfactive,Quality
323,writers speak dreadful smeii true pulmonary gangrene none ever describe faecal except louis,dreadful faecal smeii,Olfactive,Quality
149,putrefaction ayre hot moist apt destroy taken nostrills first because heat subtile passeth vp speedily pellicle mooueth fume moisture,ayre putrefaction,Olfactive,Quality
17,rape linseed fall bags ground unpaved lie rot shower rain stench offensive,offensive stench,Olfactive,Quality
147,secondly instrument smelling placed deeper head creatures,smelling,Olfactive,Quality
376,colourless pale yellow recent gradually becoming darker odour fruit spicy somewhat acrid taste,odour,Olfactive,Quality
65,recent investigators shown us loathsome deadly typhus fever known years “ filthdisease ” carried lice pests breed flourish bodily cleanliness neglected personal odours strong,personal strong odours,Olfactive,Quality
265,galopin stated knew women whose natural odor musk less frequently ambergris sufficiently strong impart bath less hour perfume due entirely exhalations musky body must added galopin enthusiast matter,natural sufficiently strong musk ambergris odor,Olfactive,Quality
231,panax coloni sideritis deadnettle smell galeopsis smells perceivable,deadnettle perceivable panax coloni sideritis galeopsis smell smells,Olfactive,Quality
354,speculations naturally arisen immediate origin composition volatile matter causes stench blood easily impregnated volatile stuff readily concluded comes blood,volatile matter blood stench impregnated,Olfactive,Quality
127,olibanum,olibanum,Olfactive,Quality
124,concrete gummy rosinous juice various colours sizes produce persia fine aromatic smell bitter aromatic taste best brought home ten years past solid lumps size nutmeg pigeon egg palish yellow colour broke appeared inside whitish mealy substance though breaks deep orangecolour firmer texture shining much preferable,fine aromatic smell,Olfactive,Quality
8,sweet root alwayes carry us root flower jesse savoury wood smell unto wood crosse tree life midst paradise,wood crosse smell,Olfactive,Quality
331,bacterides may however cause kinds wliich gangrenous cavity no contact external air no fetor inasmuch abundantly present blood carbuncular gangrene sometimes affects lungs,gangrenous cavity fetor,Olfactive,Quality
577,prawns shrimps hard stiff pleasant scent tails turned strongly inward new limber colour faded faint smell feel slimy stale,pleasant faint prawns shrimps scent smell,Olfactive,Quality
575,majority perhaps not best judges indeed seen men devoid taste smell made little difference whether putrid fresh food presented,putrid fresh food smell,Olfactive,Quality
477,stampe hearb put large glasse leauing two parts emptie commend iuice hearbe onely nip else lute glasse wel digest balneo daies shall finde red diuide watrish part remaineth bloud essence hearb,hearb essence,Olfactive,Quality
71,sticks horrible memory fumous steamy stench parboiled cabbage filled restaurantcar train belfast—yes,fumous steamy parboiled cabbage stench,Olfactive,Quality
236,many turpentine balsams aromatick smell balsam de tolu balsam mechae balsam peruvian benjamin storax many herbs ladanum segetum botrys fragrant terebinthinate smell juniper cedar sassafras besides oyl turpentine easily extract fragrant oyls vegetables frequently mixt sophistications whence may argue differ only turpentine mixt latent acid pure acid therefore aethereal odoriferous roots valerian smell like turpentine flowers like jessamy little dryed,like turpentine like jessamy oyl turpentine aromatick fragrant terebinthinate many turpentine balsams balsam de tolu balsam mechae balsam peruvian benjamin storax many herbs ladanum segetum botrys juniper cedar sassafras oyls turpentine roots valerian flowers smell smell fragrant odoriferous smell,Olfactive,Quality
472,perfumers valuable assistant possessing highest degree fresh floral fragrance renders highly useful compounds,fresh floral fragrance,Olfactive,Quality
389,oil distilled britain fullgrown unripe green fruit juniperus communis,fullgrown unripe green fruit juniperus communis,Olfactive,Quality
75,even france france enlightened sensitive refined primitive odours pervade country army knows well,primitive odours,Olfactive,Quality
398,nymphalidae great group butterflies rudimentary forelegs find common cosmopolitan dana inse dactylate hollow processes abdominal extremity furnished hairs protrusion emit disagreeable odour sexual pouches possibly connection exist first median nervure hind wing species seen tawny danais extends range southern europe,disagreeable hairs protrusion odour,Olfactive,Quality
308,fact no ground however conclusions nothing special odour fetid bronchitis causes must abandon term perplexing unscientific unphilosophical correct phrase bronchitis fetid smellwordquality expectoration smellsource,fetid bronchitis odour,Olfactive,Quality
15,drainage two dwellings runs back front open wooden trough floor lower rooms discharges sort pigeonhole wall street neighbours passengers complain stench generated drainage stagnating pavement gutter,drainage stagnating pavement gutter stench,Olfactive,Quality
591,organisms likewise may interfere preservation food changing consistency flavor odor even producing definite poisonous decomposition products termed ptomaines,odor,Olfactive,Quality
44,slight effluvium sulphurous gases given not last long nor extend beyond building,slight sulphurous gases effluvium,Olfactive,Quality
46,hot weather heap exhaled smell offensive inmates neighbouring houses,offensive heap smell,Olfactive,Quality
554,persumes arabia hide choak stink,persumes stink,Olfactive,Quality
139,one may observe young infants suck early periods life sensation affects organ smell much powerfully repeated habits smelling inured odours common strength adult years stronger smells though time agreeable us volatile spirits continue produce increased secretion tears,common strength stronger time agreeable sensation smell smelling odours smells,Olfactive,Quality
339,since structural disease constitutional fair conclude predisposing causes peculiar fetid excretion constitutional linked etiologically fibroid change tissue,peculiar excretion fetid,Olfactive,Quality
150,secondly heat doth resist coldnes moisture braine hinderers smelling,smelling,Olfactive,Quality
325,suspect however cases examples pyogenic cavities dilated bronchi not gangrene probable pyogenic membranes give forth purulent stuff bronchial mucous membrane cases fetid bronchitis,bronchitis fetid,Olfactive,Quality
52,only stench perceived july strong odour sugar scum issuing arches,strong sugar scum stench odour,Olfactive,Quality
382,croton oil,croton oil,Olfactive,Quality
476,vpon top glasse bodie straine haire cloth vpon lay good store roseleaues either drie halfe drie water ascend verie good smell colour,water verie good roseleaues smell,Olfactive,Quality
557,proceeds not bag bat heart produaf not offinking cattle perfumed manners ihich not offered bloody hands ptre understanding not killed may deflroyed isaac sacrificed may live,manners perfumed,Olfactive,Quality
307,dr gamgee however demonstrated already plain enough acquainted facts get stinks pulmonary excretion whatever subject chemical torments distillation acidification neutralization redistillation like,pulmonary excretion stinks,Olfactive,Quality
121,chuse meet mixed dirt sticks bits cane rubbish reduce value aromatic smells better fine tears like east india gums,like east india gums smells,Olfactive,Quality
407,bristling scent pencils however characteristic moths usually distinguish males although commonly retained pouches presence little suspected pricked needlepoint twilight sphinges especially quick nerve sometimes found present sexes sharp fear touch grasp ilowerhoverer reposing diurnal lethargy cause momentary expansion,pencils scent,Olfactive,Quality
563,opinion peculiar sence occasion danger body benefit receiues crude vnholesome vapours foggie corrupt exhalations subiect infection true especiall delights confers one inconveniences cheering whole bodie sweetest odours giuing libertie vitall powers otherwise would imprisoned delight fellowsences else would dulled sweet breathing ayre reciued many arguments consequence bring vs exact acknowledgment sences excellencie,foggie corrupt sweetest whole bodie exhalations odours,Olfactive,Quality
187,strong bitters aromatick wormwood eupatorium cannabinum work volatile oyl salt blood stomach whence accounted antidotes against coagulations venoms pestilential infections,strong bitters wormwood eupatorium cannabinum aromatick,Olfactive,Quality
305,smell ozaena fact similar observed examples fetid fibroid vomicai,ozaena smell,Olfactive,Quality
160,meanes pray thee shouldst thou stinking smell vrine know putrefaction,stinking vrine smell,Olfactive,Quality
377,colourless pale yellow recent gradually becoming reddishbrown high degree odour taste cloves,cloves odour,Olfactive,Quality
485,done hanging time jakes house office ill scents innate vertue odour excited revived,ill scents odour,Olfactive,Quality
475,violet one charming odours nature well might shakspeare exclaim — sweet thief whence didst thou steal thy sweet quality smells smellword,one charming violet odours,Olfactive,Quality
88,true surprising odoriferous fragrant smell pungent agreeable bitter astringent taste turbid thickish consistence yellowish colour little come many years stranger must cautious buys every species turpentine mix,odoriferous fragrant smell,Olfactive,Quality
1,not only fragile flowervases sweet odours flow breathe leaf stem whole many trees bushes stately cum trees australia sweet verbena chili,fragile bushes odours leaf stately chili,Olfactive,Quality
274,predominance musk sexual odor associated fact actual nervous influence apart presence sexual associations considerable,sexual musk odor,Olfactive,Quality
445,philosopher tells no smell plants nor thing mind impossible smell mind hath demonstrated modern philosophy,plants smell smell,Olfactive,Quality
64,nevertheless much truth superstition bad smells also surface accumulations filth soaking soil subsoil contaminate surface wells only requires advent typhoid “ carrier ” set widespread epidemic agoing,bad smells,Olfactive,Quality
173,long retention vrine bladder may make stinke,stinke,Olfactive,Quality
105,spikenard,spikenard,Olfactive,Quality
330,odour pulmonary gangrene obviously due putrescent decomposition dead pulmonary tissue odour putrefaction,pulmonary gangrene putrefaction odour odour,Olfactive,Quality
93,costus dulcis aromatic firm root resembling spikenard smell little use,resembling spikenard costus dulcis aromatic smell,Olfactive,Quality
175,curious braine may demand sweet things held nose doe breed fits mother contrary stinking things appease fits,stinking things,Olfactive,Quality
233,third degree balsamicks geranium moschatum geranium columbinum taste astringent smell musk since geraniums smell turpentine musk suppose highest state oyl vegetable rarefied turpentine thereby becomes odoriferous hence terebinthinates taken inwardly farther separation acid salts blood cause violet smell rine because aromaticks produce effects rine therefore aromatick odors turpentine agreeable nature,geranium moschatum geranium columbinum geraniums rine violet aromatick agreeable musk turpentine musk turpentine terebinthinates turpentine smell smell odoriferous smell aromaticks odors,Olfactive,Quality
156,smell vrines haue little no smell else sweet pleasing smell finally stinking smell,little sweet pleasing stinking vrines smell smell smell smell,Olfactive,Quality
117,produced coast malabar best contained threesquare pod husk rather larger large pea little judgment required chusing provided fresh sound well filled husks palish colour grateful smell resembling camphor,resembling camphor grateful smell,Olfactive,Quality
296,even among savages perfuming body sometimes practiced object inducing love partner,body perfuming,Olfactive,Quality
462,get several sorts sieves thin others thick cloth according courseness cloth make grains snuff passing must not searce perfum flowers,flowers perfum,Olfactive,Quality
471,travelled season coast genoa no doubt remember charming bouquets garlands made cassie intermixed flowers,cassie,Olfactive,Quality
290,krafftebing again brings forward case shoe fetichism significant fact mentioned subject bought pair leather cuffs smell masturbating,pair leather cuffs smell,Olfactive,Quality
353,urine sometimes becomes fetid like manner,urine fetid,Olfactive,Quality
291,eestif de la bretonne somewhat shoe fetichist appears enjoyed smelling shoes,shoes smelling,Olfactive,Quality
309,lasagne correctly remarks fetor fetid bronchitis,bronchitis fetor fetid,Olfactive,Quality
28,although weather cold time examinations accumulation solid sewage settlings quarter century exhaled faint sickening smell,faint sickening accumulation solid sewage smell,Olfactive,Quality
560,think smell oyntments sinsicke soule soiled conscience cured power raise dead lazarus stinking graue hauing bene foure dayes buried,oyntments dead lazarus smell stinking,Olfactive,Quality
21,pipe also conveying solid liquid matter drain flooring houses leaky lower part houses especially no often covered liquid sewage smells abominably,abominably liquid sewage smells,Olfactive,Quality
141,light sound odours unknown foetus womb except sensations motions already mentioned sleeps away time insensible busy world,unknown odours,Olfactive,Quality
463,true spanish snuff fine redish make take red snuff grains beat mortar pass fine sieve cleansed colour prescribe beginning treatise perfume only flowers spanish perfume tis done,true spanish snuff only flowers spanish perfume perfume,Olfactive,Quality
579,one difficulties associated burning refuse servants say cannot dispose thus because makes bad smell,bad refuse smell,Olfactive,Quality
497,ambergris must well rubbed mortar degrees two pounds powder either white grey must added till ambergris thoroughly incorporated powder sift hair sieve mix three powders together,three powders,Olfactive,Quality
334,ozaena ulceration nasal cartilages rodent fibroid ulcers offensive discharge odour not like smell decomposing pus ordinary ulcers,not like smell decomposing pus ordinary ulcers odour,Olfactive,Quality
293,conclusion supported fact many odor new shoes sometimes desired adjuvant coitus,new shoes odor,Olfactive,Quality
14,wellingtonstreet albionstreet rain pool stagnant water hot weather disagreeable stench arises,disagreeable pool stagnant water stench,Olfactive,Quality
573,first always foetid odour highly vinous pungent aromatic,foetid highly vinous pungent aromatic first odour,Olfactive,Quality
261,moreover smell negress said musky character among europeans musky odor said characteristic blondes,musky musky negress blondes smell odor,Olfactive,Quality
289,istacke also recorded case shoe fetichist declared sexual attraction shoes usually wife lay largely odor leather,leather odor,Olfactive,Quality
92,soft unctious substance generally dusky white rather brown colour supposed found pod bag growing lower part belly civet cat perfume strong rather disagreeable smell substance perfumers know render grateful using small quantities,strong rather disagreeable grateful perfume smell,Olfactive,Quality
474,africa principally tunis essential oil cassie made sold £ per ounce french italian flowers not sufficiently powerful yield essence,oil cassie essential,Olfactive,Quality
98,factitious preparation mineral substances mixed perfume round oval shape gilt gilding rubbed brownish inside straw colour little demand,perfume,Olfactive,Quality
188,strong bitters only pure bitters without aromatick fetid odor pungency bitterness bitter almonds centaury parts fixed strong bitters cleanse stomach acid phlegm open liver correcting coagulating acids blood mix acids pass rine preserve blood coagulation help office crude bile hydropical cachexies astriction acid earthy parts abounding bitters help oyl correcting acids,aromatick fetid pungency odor,Olfactive,Quality
387,aromatic odour spicy pungent flavour leaving sensation coldness mouth,aromatic odour,Olfactive,Quality
272,way elephants emit musky odor facial glands rutting season,musky elephants odor,Olfactive,Quality
442,smell rose certain aff ection feeling mind not constant comes goes want know may expect uneasy till find something present brings feeling along removed removes,rose smell,Olfactive,Quality
568,wine sweet enough add spirits wine one pound hogshead give cask strong scent,cask strong spirits wine scent,Olfactive,Quality
122,chuse thinskinned pods not cut open smell musk powerful pieces liver thing else may mixed sometimes lead shot make heavy,powerful musk smell,Olfactive,Quality
594,may however state enpassant subjects nose persistently even casually suggests offensive smell certain room house nursing might think gasjet not turned leaking gas soilpipes old forgotten cesspool leaking drain mention suspicions doctor responsible head house,offensive smell,Olfactive,Quality
285,interesting novel — dealing adventures jewish maiden persian court xerxes — title esther found way old testament told customary royal harem shushan submit women prolonged course perfuming admitted king six time months time smellsource oil smellsource smellsource myrrh smellsource six time months time smellsource sweet smellsourcequality odors smellsourcesmellword,women perfuming,Olfactive,Quality
511,several different types clover course also add fragrance hayfield odour,hayfield odour fragrance,Olfactive,Quality
405,neither colour rule bear burnish talismanic impress sunlight form attain feathery etherealness day fliers antennae various organs seem fairly heavy mothlike mothlike also expansile scent pencils hair garnish hind tibiae legs many males,pencils hair scent,Olfactive,Quality
587,intensely disagreeable fecal odor,intensely disagreeable fecal odor,Olfactive,Quality
315,not odour breath cases fetid abscess ozaena,breath abscess ozaena odour fetid,Olfactive,Quality
344,special characteristic fibroid cartilaginous ulcerations fetid,fibroid cartilaginous ulcerations fetid,Olfactive,Quality
116,cardamon seeds,cardamon seeds,Olfactive,Quality
48,inhalation pestilential vapours arising nuisance time visit already begun work,vapours pestilential,Olfactive,Quality
189,elderbitters smells scorphularia discussing faculty outwardly fetidness bitterness,scorphularia smells fetidness,Olfactive,Quality
277,perfumes containing musk piesse states wellknown book art perfumery sell best,musk perfumes,Olfactive,Quality
42,therefore made business visit works repeatedly spend hours promises must premise stating no means yet discovered carrying process gasmaking without offensive odours,offensive odours,Olfactive,Quality
53,complaints often made smell mud millstream millpond bridge surrey mills,mud millstream smell,Olfactive,Quality
34,strong acid smell also always pervades atmosphere neighbourhood factories mixing going,atmosphere strong acid smell,Olfactive,Quality
527,strongly scented ground makes tracking difficult animal human scent overpowered thus clover fields highly scented crops manured fields decided drawbacks,ground strongly overpowered highly animal human clover fields crops manured fields scented scent scented,Olfactive,Quality
254,man would wear scent back neck dance order attract attention particular girl believed act magical certainty manner charm reports cambridge anthropological expedition torres straits vol v pp,scent,Olfactive,Quality
134,internal membrane nostrils may kept always moist better perception odours two canals conduct tears done office moistening cleaning ball eye sack called lacrymal sack duct opens nostrils aperture duct formed exquisite sensibility stimulated odorous particles dryness coldness air sack contracts pours contained moisture organ smell,particles odours odorous smell,Olfactive,Quality
467,get wooden box big occasion line within dry paper lay bed snuff inch thick bed flowers along till no let lay flowers twenty four hours searce snuff take flowers renew time continue four five days think snuff perfum enough flowers keep close boxes dry place meddle flowers within because not heat,snuff flowers perfum,Olfactive,Quality
512,odour probably result glucosidal decomposition constituents present plants resulting formation little coumarin,odour,Olfactive,Quality
119,kind pepper difference tail stalk berry much aromatic pepper resembling jamaica pepper called common people allspice generally bought malabar coast dry sound clean,resembling jamaica pepper much aromatic,Olfactive,Quality
427,kept mouse producing putrid air manner space several months,air putrid mouse,Olfactive,Quality
574,experienced brewer sensitive smell able judge even walking brewhouse whether not trim again repeat no man not sensitive smell taste good brewer,sensitive sensitive smell smell,Olfactive,Quality
392,pale yellow nearly colourless fragrant odour flowers hot bitter aromatic taste,fragrant odour,Olfactive,Quality
394,muller delicious cases caution professor westwood noticed doubtless needful may not bright beings bathe sunlight vapoury distillations livelong day gather odour fly,delicious,Olfactive,Quality
333,besides odour evolved not like fetid pus expectorated cases empyema cavity communicates bronchus purulent bronchial excretion undergo change must something composition cases special character,fetid pus odour,Olfactive,Quality
424,short time water contracts extremely fetid offensive smell seems indicate putrid effluvium pervades water affects neighbouring air since often no increase air seems substance carried water fast generated offensive smell sufficient proof not fixed air,water air fetid offensive putrid offensive smell effluvium smell,Olfactive,Quality
430,generally agreeable aromatic odour warmed considered grateful perfume,agreeable aromatic grateful odour perfume,Olfactive,Quality
390,colourless pale greenishyellow characteristic odour fruit warm aromatic taste,odour,Olfactive,Quality
431,muriatic acid,muriatic acid,Olfactive,Quality
25,princes street besides full cesspool choked drain washhouse pool stagnant sewage inmates place complain sickness headache woman employed wash clothes premises effect stench suddenly seized vomiting purging forced leave work,pool stagnant sewage stench,Olfactive,Quality
198,oyl may distilled plants taste smell vertue plants whence conclude taste smell proceed oyl volatile salt associated,plants oyl oyl volatile salt smell smell,Olfactive,Quality
271,lizards musky odor heightened sexual season crocodiles pairing season emit submaxillary glands musky odor pervades haunts,musky musky lizards crocodiles odor odor,Olfactive,Quality
425,agreeable flavour whether produced fermentation extracted chalk oil vitriol affecting not only mouth even nostrils pungency peculiarly pleasing certain degree person may easily satisfy chuse make experiment,peculiarly pleasing pungency,Olfactive,Quality
45,tasted water butt no strongly impregnated flavour drainage,water butt flavour drainage impregnated,Olfactive,Quality
62,noisome smell people imagine deadly pestilence probably because patients affected epidemic diseases smallpox typhus diphtheria give nauseating odours,noisome nauseating patients affected epidemic diseases smell odours,Olfactive,Quality
230,aforementioned instances appears opiates hot effluviums offend smell,hot opiates effluviums,Olfactive,Quality
227,fresh tabaco smells narcotick flowers bitter mucilaginous acrid much resembles henbane figure oyl clamminess touch bitterness pungency solanum lignosum,solanum lignosum narcotick bitter mucilaginous acrid fresh tabaco smells pungency,Olfactive,Quality
213,galbanum assa faetida sagapenum,galbanum assa faetida sagapenum,Olfactive,Quality
302,burns local surveyor ely early made successful experiments treating gas water clay induced recently apply conjunction lime deodorizing sewage completion drainage works ely,clay conjunction lime deodorizing,Olfactive,Quality
12,latreille whose house situated near outlet thames much suffered health stenches generated pond emptied,stenches,Olfactive,Quality
36,consequence letter addressed beginning month complaining stenches emanating premises messrs,stenches,Olfactive,Quality
278,certainly true simple form odor musk not nowadays highly considered europe,musk odor,Olfactive,Quality
197,effects aromaticks body warm stomach discuss wind constitute class sweet aromaticks fenniltastes accounted carminatives because rarefie flatuous exhalations chyle primae viae discuss,exhalations chyle flatuous,Olfactive,Quality
295,arabian nights many allusions use perfumes women less definitely stated aphrodisiacal intent,perfumes,Olfactive,Quality
146,putrified aire cannot passe speedily mans heart diuers creatures instrument smelling couered pellicle filme lifted vp smell ayre fume pellicle grosser man creatures therefore requireth hotter stronger fume mooue,ayre fume putrified aire smelling smell,Olfactive,Quality
570,amend taste smell malaga,malaga smell,Olfactive,Quality
545,stinking town,stinking,Olfactive,Quality
533,not affect olfactory nerves produces merely sense constriction throat,olfactory,Olfactive,Quality
566,no let pigmalion dote owne picture narcissus shape niobe numerous progenie taste shall taste sweet lord touch apprehension loue sight contemplation glory eare accent praise smell repose faire pleasant pastures word,smell,Olfactive,Quality
240,going leith regiment two three occasions stench strong instant sickened,strong stench,Olfactive,Quality
97,generally brought home short knotty pieces inch half long size turmerick pale red colour bitter taste aromatic smell,aromatic smell,Olfactive,Quality
487,coffee bean grind burst nutty smoky aroma,aroma coffee nutty smoky  ,Olfactive,Quality
74,faint whiff gasoline come recently park care,gasoline whiff  ,Olfactive,Quality
350,smoke chimney mix cold morning air,smoke  ,Olfactive,Quality
87,hot asphalt carry smell summer heat city life,asphalt smell  ,Olfactive,Quality
458,bathroom cleaner sharp lemon bleach odor,bleach lemon odor sharp  ,Olfactive,Quality
78,aromatic clove give cider festive spicy fragrance,clove fragrance spicy  ,Olfactive,Quality
513,old trunk open dust mildew smell,mildew dust smell  ,Olfactive,Quality
375,lavender field hum bee breeze floral scent,floral lavender scent  ,Olfactive,Quality
90,eucalyptus leave give sauna soothing herbal fragrance,eucalyptus fragrance  ,Olfactive,Quality
430,motel room faint odor bleach cigarette smoke,bleach cigarette odor smoke  ,Olfactive,Quality
6,crisp clean scent pine tree refresh lung,clean crisp pine scent  ,Olfactive,Quality
251,scent tobacco pipe fill library warmth,tobacco scent  ,Olfactive,Quality
408,fridge emit faint onion fish smell,fish onion smell  ,Olfactive,Quality
76,sweet milky scent coconut oil linger skin,coconut scent sweet  ,Olfactive,Quality
249,apple cider mull spice sweet scent,apple scent spice sweet  ,Olfactive,Quality
526,freshly peeled orange spray citrus zest,orange citrus zest  ,Olfactive,Quality
482,pet cage smell sawdust animal waste,animal sawdust smell waste  ,Olfactive,Quality
102,pillow carry lingering trace perfume partner,perfume  ,Olfactive,Quality
427,sunwarmed backpack emit scent plastic sunblock,plastic scent sunblock  ,Olfactive,Quality
55,breeze carry sharp mineral scent mountain,scent sharp  ,Olfactive,Quality
512,fish tank filter emit faint algae odor,algae odor  ,Olfactive,Quality
411,cotton candy twirl stick sugary scent drift,scent sugary  ,Olfactive,Quality
368,grandmother quilt smell lavender cedar chest,cedar lavender quilt smell  ,Olfactive,Quality
245,hot chocolate steam rich cocoa fragrance,cocoa fragrance  ,Olfactive,Quality
205,subway car filled odor damp coat,coat damp odor  ,Olfactive,Quality
2,jasmine sweet intoxicate fragrance drift moonlit garden,fragrance jasmine sweet  ,Olfactive,Quality
341,toothpaste minty foam smell clean,clean minty smell  ,Olfactive,Quality
356,mint leaf tea cup release crisp scent,crisp mint scent  ,Olfactive,Quality
10,diesel fume cling busy street unwelcome guest,  ,Olfactive,Quality
354,old letter drawer smell age ink,ink letter smell  ,Olfactive,Quality
118,steamed bun smell slightly sweet yeasty comforting,smell sweet yeasty  ,Olfactive,Quality
500,newspaper ink smudge finger leave chemical odor,chemical ink odor  ,Olfactive,Quality
361,egg salad sandwich emit sulfur smell,sulfur smell  ,Olfactive,Quality
276,burn plastic emit toxic chemical odor,chemical odor plastic  ,Olfactive,Quality
533,kitchen counter smell vinegar baking soda,baking soda smell vinegar  ,Olfactive,Quality
480,dryer sheet soften clothe leave fresh scent,clothe fresh scent  ,Olfactive,Quality
279,gas station smell fuel rubber asphalt,asphalt fuel rubber smell  ,Olfactive,Quality
73,sweet strawberry peak ripeness release juicy sugary fragrance,fragrance sweet  ,Olfactive,Quality
399,dog wet fur smell linger carpet,dog fur smell  ,Olfactive,Quality
275,bar soap blend oatmeal lavender scent,lavender oatmeal scent  ,Olfactive,Quality
150,fresh cilantro emit pungent citrusy scent,pungent scent  ,Olfactive,Quality
357,refrigerator open smell garlic leftover,garlic smell  ,Olfactive,Quality
416,baby blanket soft scent milk powder,milk powder scent  ,Olfactive,Quality
228,burn marshmallow give sugary charred smell,charred smell sugary  ,Olfactive,Quality
248,sunlight grass release fresh earthy smell,earthy fresh grass smell,Olfactive,Quality
80,humid air carry swamp,  ,Olfactive,Quality
133,zoo air heavy animal scent straw,scent  ,Olfactive,Quality
302,apple peel cinnamon stew fill kitchen warm fragrance,apple cinnamon fragrance warm  ,Olfactive,Quality
229,nail polish remover emit sharp acetone odor,acetone odor sharp  ,Olfactive,Quality
30,burn sugar leave bitter smell small kitchen,bitter smell  ,Olfactive,Quality
433,rotten egg smash sidewalk sulfurous stench,egg rotten stench  ,Olfactive,Quality
508,scent shampoo trail air shower,shampoo scent  ,Olfactive,Quality
211,tomato basil soup emit rich hearty fragrance,basil fragrance tomato  ,Olfactive,Quality
9,sea breeze carry salty briny note seaweed,briny salty sea  ,Olfactive,Quality
528,baby lotion rub skin sweet powdery scent,powdery lotion sweet scent  ,Olfactive,Quality
178,scent fresh cut flowers bouquet kitchen,flowers fresh scent  ,Olfactive,Quality
105,decay autumn leave smell forest floor,decay smell  ,Olfactive,Quality
440,grilled pineapple sweet smoky tangy aroma,aroma pineapple smoky sweet tangy  ,Olfactive,Quality
141,sharp smell acetone fill nail salon,acetone sharp smell  ,Olfactive,Quality
149,burning tire release acrid black smoke,acrid burning smoke  ,Olfactive,Quality
291,popcorn stand carnival waft butter salt scent,butter popcorn salt scent  ,Olfactive,Quality
404,cut lemon squirt air tart citrus scent,citrus lemon scent tart  ,Olfactive,Quality
77,barn smelled hay leather warm scent animal,hay leather scent  ,Olfactive,Quality
535,old suitcase lined velvet hold scent travel mildew,mildew scent velvet  ,Olfactive,Quality
70,earthy bitter smell coffee bean linger,bitter coffee earthy smell  ,Olfactive,Quality
484,public pool smell chlorine rubber float,chlorine rubber smell  ,Olfactive,Quality
347,fresh plum burst juice sweet fruity smell,fruity plum smell sweet  ,Olfactive,Quality
538,fresh snow fall pine forest clean cold scent,clean cold pine scent  ,Olfactive,Quality
223,newspaper smell ink fresh print,ink smell  ,Olfactive,Quality
389,orange blossom tree fill garden floral scent,blossom floral orange scent  ,Olfactive,Quality
79,clean linen smell faintly lavender sunlight wash,clean lavender smell  ,Olfactive,Quality
456,fridge smell leftover curry onion,curry onion smell  ,Olfactive,Quality
230,kitchen sink drain smell sour detergent,detergent smell sour  ,Olfactive,Quality
168,hotel lobby scented artificial jasmine oil,jasmine oil scented  ,Olfactive,Quality
68,harsh acrid smell smoke signal distant fire,smell smoke  ,Olfactive,Quality
212,puddle gasoline shimmer release tangy chemical smell,chemical gasoline smell tangy  ,Olfactive,Quality
63,market stall,  ,Olfactive,Quality
193,roast beef kitchen fill meaty rich aroma,aroma beef  ,Olfactive,Quality
369,fruit stand full melon peach tang,melon peach tang  ,Olfactive,Quality
83,sharp peppery aroma arugula fill garden spring,aroma sharp  ,Olfactive,Quality
472,aroma hot soup swirl steam bowl,aroma soup  ,Olfactive,Quality
33,dry line carry fresh sunlit air,fresh  ,Olfactive,Quality
85,wet dog smell fill car beach trip,smell  ,Olfactive,Quality
91,salty smell pretzel waft bustling street fair,salty smell  ,Olfactive,Quality
0,aroma fresh baked bread linger warmly air,aroma bread fresh  ,Olfactive,Quality
11,acrid scent burn toast linger unpleasantly air,scent  ,Olfactive,Quality
262,puppy breath soft yeasty sweet,yeasty sweet  ,Olfactive,Quality
22,freshly cut grass bring bright lively smell summer,grass smell  ,Olfactive,Quality
355,public bus faint odor food perfume people,food odor perfume  ,Olfactive,Quality
185,locker room heavy scent sweat disinfectant,scent sweat  ,Olfactive,Quality
306,fridge smell forgotten broccoli cheese,mold smell  ,Olfactive,Quality
174,rubber boot drying sun smell scorched,rubber smell  ,Olfactive,Quality
154,rosewater perfume evoke memory grandmother,perfume rosewater  ,Olfactive,Quality
238,faint trace perfume linger sweater collar,perfume  ,Olfactive,Quality
18,morning dew carry faint scent bloom rose,rose scent  ,Olfactive,Quality
197,pillowcase smell shampoo hint lavender,lavender shampoo smell  ,Olfactive,Quality
473,rose bloom morning dew release sweet scent,rose scent sweet  ,Olfactive,Quality
15,damp wool carry musty odor trek,musty odor  ,Olfactive,Quality
441,motor oil stain garage give greasy metallic smell,greasy metallic oil smell  ,Olfactive,Quality
39,steamed rice release neutral soft smell simple comfort,smell  ,Olfactive,Quality
496,honey drizzle biscuit bring floral sweet scent,floral honey scent sweet  ,Olfactive,Quality
465,whiff sweaty tshirt linger gym,shirt sweaty whiff  ,Olfactive,Quality
46,faint whiff tar saltwater define harbor,tar whiff  ,Olfactive,Quality
94,new leather boot carry distinct polished smell house,leather smell  ,Olfactive,Quality
326,fresh mint leaf bruise finger strong aroma,aroma mint  ,Olfactive,Quality
181,smell strong cologne announce arrival,smell  ,Olfactive,Quality
332,moldy bread emit sour pungent smell,moldy pungent smell sour  ,Olfactive,Quality
539,stale popcorn linger empty theater seat,popcorn stale  ,Olfactive,Quality
462,grape soda fizz burst sweet artificial smell,artificial grape smell sweet  ,Olfactive,Quality
232,garage carry faint scent gasoline grease,gasoline grease scent  ,Olfactive,Quality
447,pot simmer stew onion thyme meat aroma,aroma meat onion stew thyme  ,Olfactive,Quality
450,old raincoat smell musty rubber mildew,mildew musty rubber smell,Olfactive,Quality
449,campfire blanket smell smoke wood ash,ash blanket smoke wood  ,Olfactive,Quality
138,pine cone crack underfoot forest floor smell woody,pine smell woody  ,Olfactive,Quality
196,old toy chest smell faint plastic childhood,plastic smell  ,Olfactive,Quality
317,sneeze pollen cloud flower shop,sneeze pollen  ,Olfactive,Quality
448,bed linen folded scent rose detergent,detergent rose scent  ,Olfactive,Quality
536,incense stick burn coil emit sweet smoky fragrance,fragrance incense smoky sweet  ,Olfactive,Quality
334,mothball scent cling winter coat,scent mothball  ,Olfactive,Quality
382,muddy boot leave smell wet grass manure,grass manure smell  ,Olfactive,Quality
69,sharp tang lemon zest brighten kitchen aroma,aroma lemon sharp tang  ,Olfactive,Quality
429,new book open crisp paper ink scent,ink paper scent  ,Olfactive,Quality
321,candy store burst fruity sugary fragrance,fragrance fruity sugary  ,Olfactive,Quality
210,musty smell linger forgotten cellar,musty smell  ,Olfactive,Quality
132,popcorn butter scent drift cinema lobby,butter popcorn scent  ,Olfactive,Quality
156,air freshener spray release sharp synthetic floral odor,floral odor sharp synthetic  ,Olfactive,Quality
246,grease trap reek fried food rot,food grease reek  ,Olfactive,Quality
383,eggplant grill char release smoky scent,char eggplant smoky scent  ,Olfactive,Quality
125,roses bloom exude classic floral fragrance,floral fragrance roses  ,Olfactive,Quality
378,gasoline pump whiff fuel hit air,fuel gasoline whiff  ,Olfactive,Quality
298,carpet hold scent pet foot traffic,scent,Olfactive,Quality
297,whiff perfume remind mother,perfume whiff  ,Olfactive,Quality
159,compost pile give earthy smell rot leaf,earthy leaf rot smell  ,Olfactive,Quality
358,saddle room filled leather hay musk,hay leather musk  ,Olfactive,Quality
292,faint odor nail polish linger salon,odor polish  ,Olfactive,Quality
509,zoo enclosure carry animal musk grass,animal grass musk  ,Olfactive,Quality
209,old photograph smell faint ink decay,decay ink smell  ,Olfactive,Quality
287,brew beer smell yeasty hoppy scent,hoppy scent yeasty  ,Olfactive,Quality
424,school hallway smell pencil disinfectant sweat,disinfectant pencil smell sweat  ,Olfactive,Quality
19,spicy earthy aroma cinnamon fill cozy,aroma earthy spicy  ,Olfactive,Quality
366,mashed potato butter release creamy aroma,aroma butter creamy  ,Olfactive,Quality
56,freshly brew coffee release rich nutty comforting fragrance,coffee fragrance  ,Olfactive,Quality
290,paint thinner strong sharp chemical smell,chemical sharp smell  ,Olfactive,Quality
494,tomato vine snap hand release sharp green scent,green sharp tomato scent  ,Olfactive,Quality
365,sharp ammonia sting nostril spill floor,ammonia sharp  ,Olfactive,Quality
504,street vendor roast peanut scent drift alley,peanut roast scent  ,Olfactive,Quality
173,fireplace emit warm woody scent crackle fire,scent woody  ,Olfactive,Quality
25,bakery yeasty aroma tempt passersby comforting familiarity,aroma  ,Olfactive,Quality
518,perfumed scarf catch whiff rose jasmine,jasmine perfume rose whiff  ,Olfactive,Quality
42,old house smell mildew history forget time,smell  ,Olfactive,Quality
336,cologne trail behind man pass,scent cologne  ,Olfactive,Quality
451,alleyway reek urine garbage rot,garbage rot urine  ,Olfactive,Quality
186,summer breeze carry scent blooming jasmine,jasmine scent  ,Olfactive,Quality
305,grilled corn exude sweet charred aroma,aroma charred corn sweet  ,Olfactive,Quality
155,rainforest air thick aroma damp vegetation,aroma damp  ,Olfactive,Quality
127,heavy perfume cloud entrance theater,perfume  ,Olfactive,Quality
486,mint chocolate chip cone melt sticky hand,chocolate mint  ,Olfactive,Quality
395,aftershave scent trail skin towel,aftershave scent  ,Olfactive,Quality
31,honey golden sweetness perfume jar lid open,perfume  ,Olfactive,Quality
114,soft breeze carry honeysuckle hint evening walk,honeysuckle  ,Olfactive,Quality
177,fried food stall exude thick greasy aroma,aroma greasy  ,Olfactive,Quality
495,wet leaves stuck boot smell rot forest,forest leaves rot smell  ,Olfactive,Quality
481,restaurant vent blow garlic fry odor,fry garlic odor  ,Olfactive,Quality
57,sharp bite ammonia sting nostril lab,sharp  ,Olfactive,Quality
423,kitchen sponge give sour moldy odor,moldy odor sour sponge  ,Olfactive,Quality
24,heavily spice incense cloud temple warm fragrance,fragrance incense  ,Olfactive,Quality
17,crushed eucalyptus leave release sharp invigorate menthol aroma,aroma eucalyptus sharp  ,Olfactive,Quality
394,sack potato rot release earthy foul smell,earthy foul potato rot smell  ,Olfactive,Quality
66,morning frost carry crisp clean smell impending winter,clean crisp smell  ,Olfactive,Quality
226,old shoes smell mildew sweat,mildew smell sweat  ,Olfactive,Quality
272,peanut butter jar give nutty aroma,aroma nutty  ,Olfactive,Quality
250,burn toast emit acrid smell linger room,acrid smell toast  ,Olfactive,Quality
324,cut grass smell cling leg walk field,grass smell  ,Olfactive,Quality
95,barn,  ,Olfactive,Quality
183,cinnamon spice candle burn evening warmth,candle cinnamon spice  ,Olfactive,Quality
370,faint diesel hang truck stop,diesel  ,Olfactive,Quality
23,scent freshly sharpen pencil fill quiet classroom,scent  ,Olfactive,Quality
470,cooked lentils carry earthy musky scent,earthy lentils musky scent  ,Olfactive,Quality
348,onion skin peel emit faint sharp odor,onion sharp odor  ,Olfactive,Quality
239,dog fur smell outside adventure,fur smell  ,Olfactive,Quality
5,faint metallic tang accompany dusty antique workshop smell,metallic smell tang  ,Olfactive,Quality
117,fridge release sour odor leftover week,sour odor  ,Olfactive,Quality
45,hint lavender calm air bedroom,lavender  ,Olfactive,Quality
532,fried chicken box carry grease spice odor,chicken grease odor spice  ,Olfactive,Quality
303,chimney smoke drift village evening air,smoke  ,Olfactive,Quality
16,pungent tang garlic fill bustling kitchen,pungent tang  ,Olfactive,Quality
510,apple pie oven fill house cinnamon sugar scent,apple cinnamon scent sugar  ,Olfactive,Quality
393,whiff body odor linger crowded elevator,body odor whiff  ,Olfactive,Quality
3,burn wood fill cabin smoky rustic scent,rustic scent wood  ,Olfactive,Quality
353,restaurant kitchen filled scent spice broth,broth scent spice  ,Olfactive,Quality
221,mustard seed toast pan release earthy sharp scent,earthy scent sharp  ,Olfactive,Quality
60,delicate scent lilac remind spring morning,scent  ,Olfactive,Quality
519,camping tent hold smoke damp earth smell,damp earth smoke smell  ,Olfactive,Quality
111,scent cinnamon bun waft bakery door,cinnamon scent  ,Olfactive,Quality
377,chopped cilantro release earthy sharp fragrance,cilantro earthy fragrance sharp  ,Olfactive,Quality
288,mildew cling shower curtain stale odor,mildew odor  ,Olfactive,Quality
29,faint floral perfume cling note envelope,floral perfume  ,Olfactive,Quality
372,cabbage boil pot fill house strong odor,cabbage odor  ,Olfactive,Quality
299,steamed rice release subtle nutty aroma,aroma nutty rice  ,Olfactive,Quality
26,acrid scent sulfur follow striking match,scent sulfur  ,Olfactive,Quality
