,sentence,clean_token,clean_sentence
0,aroma fresh baked bread linger warmly air,aroma bread fresh  ,aroma fresh baked bread linger warmly air
1,wet earth rain release deep musky perfume,earth musky perfume rain  ,wet earth rain release deep musky perfume
2,jasmine sweet intoxicate fragrance drift moonlit garden,fragrance jasmine sweet  ,jasmine sweet intoxicate fragrance drift moonlit garden
3,burn wood fill cabin smoky rustic scent,rustic scent wood  ,burn wood fill cabin smoky rustic scent
4,sharp vinegar note waft open jar,sharp vinegar  ,sharp vinegar note waft open jar
5,faint metallic tang accompany dusty antique workshop smell,metallic smell tang  ,faint metallic tang accompany dusty antique workshop smell
6,crisp clean scent pine tree refresh lung,clean crisp pine scent  ,crisp clean scent pine tree refresh lung
7,unheated lavender field exude calm floral aroma,aroma floral lavender  ,unheated lavender field exude calm floral aroma
8,warm vanilla candle soften room atmosphere,candle vanilla  ,warm vanilla candle soften room atmosphere
9,sea breeze carry salty briny note seaweed,briny salty sea  ,sea breeze carry salty briny note seaweed
10,diesel fume cling busy street unwelcome guest,  ,diesel fume cling busy street unwelcome guest
11,acrid scent burn toast linger unpleasantly air,scent  ,acrid scent burn toast linger unpleasantly air
12,delicate hint citru dance freshly peel orange,  ,delicate hint citru dance freshly peel orange
13,sweet caramelized sugar drift carnival popcorn stand,sweet  ,sweet caramelized sugar drift carnival popcorn stand
14,subtle herbal scent accompany steaming green team,scent  ,subtle herbal scent accompany steaming green team
15,damp wool carry musty odor trek,musty odor  ,damp wool carry musty odor trek
16,pungent tang garlic fill bustling kitchen,pungent tang  ,pungent tang garlic fill bustling kitchen
17,crushed eucalyptus leave release sharp invigorate menthol aroma,aroma eucalyptus sharp  ,crushed eucalyptus leave release sharp invigorate menthol aroma
18,morning dew carry faint scent bloom rose,rose scent  ,morning dew carry faint scent bloom rose
19,spicy earthy aroma cinnamon fill cozy,aroma earthy spicy  ,spicy earthy aroma cinnamon fill cozy
20,,  ,nan
21,hint chlorine waft sparkling blue pool,  ,hint chlorine waft sparkling blue pool
22,freshly cut grass bring bright lively smell summer,grass smell  ,freshly cut grass bring bright lively smell summer
23,scent freshly sharpen pencil fill quiet classroom,scent  ,scent freshly sharpen pencil fill quiet classroom
24,heavily spice incense cloud temple warm fragrance,fragrance incense  ,heavily spice incense cloud temple warm fragrance
25,bakery yeasty aroma tempt passersby comforting familiarity,aroma  ,bakery yeasty aroma tempt passersby comforting familiarity
26,acrid scent sulfur follow striking match,scent sulfur  ,acrid scent sulfur follow striking match
27,old leather bind book release nostalgic woody smell history,leather smell  ,old leather bind book release nostalgic woody smell history
28,warm asphalt rain exude rich mineral like scent,asphalt rain scent  ,warm asphalt rain exude rich mineral like scent
29,faint floral perfume cling note envelope,floral perfume  ,faint floral perfume cling note envelope
30,burn sugar leave bitter smell small kitchen,bitter smell  ,burn sugar leave bitter smell small kitchen
31,honey golden sweetness perfume jar lid open,perfume  ,honey golden sweetness perfume jar lid open
32,forest smell damp fall leave freedom,smell  ,forest smell damp fall leave freedom
33,dry line carry fresh sunlit air,fresh  ,dry line carry fresh sunlit air
34,cloying smell cheap cologne linger crowded elevator,smell  ,cloying smell cheap cologne linger crowded elevator
35,smoke curl candle leave faint burn odor,candle odor smoke  ,smoke curl candle leave faint burn odor
36,freshly paint wall give chemical clean scent,chemical clean scent  ,freshly paint wall give chemical clean scent
37,faint fishy aroma rise market icy stall,aroma  ,faint fishy aroma rise market icy stall
38,blossom citrus tree envelop orchard zesty perfume,perfume zesty  ,blossom citrus tree envelop orchard zesty perfume
39,steamed rice release neutral soft smell simple comfort,smell  ,steamed rice release neutral soft smell simple comfort
40,autumn carry woodsy note fall acorn crisp leave,crisp  ,autumn carry woodsy note fall acorn crisp leave
41,peppermint oil tickle sense sharp cool aroma,aroma sharp  ,peppermint oil tickle sense sharp cool aroma
42,old house smell mildew history forget time,smell  ,old house smell mildew history forget time
43,campfire smoke cling clothe nostalgic outdoor scent,scent smoke  ,campfire smoke cling clothe nostalgic outdoor scent
44,pungent odor blue cheese dominate charcuterie platter,cheese odor pungent  ,pungent odor blue cheese dominate charcuterie platter
45,hint lavender calm air bedroom,lavender  ,hint lavender calm air bedroom
46,faint whiff tar saltwater define harbor,tar whiff  ,faint whiff tar saltwater define harbor
47,atmosphere,  ,atmosphere
48,sizzle bacon fill room savory irresistible aroma,aroma bacon savory  ,sizzle bacon fill room savory irresistible aroma
49,smell wet dog rain overwhelming,rain smell  ,smell wet dog rain overwhelming
50,crisp apple orchard carry fresh tangy scent,apple crisp fresh scent  ,crisp apple orchard carry fresh tangy scent
51,perfumed soap leave linger floral trail hand,floral  ,perfumed soap leave linger floral trail hand
52,sweet scent wild honeysuckle intertwine humid air,scent sweet  ,sweet scent wild honeysuckle intertwine humid air
53,charred wood bonfire linger faintly clearing,wood  ,charred wood bonfire linger faintly clearing
54,pungent aroma vinegar pickle waft jar,aroma pungent vinegar  ,pungent aroma vinegar pickle waft jar
55,breeze carry sharp mineral scent mountain,scent sharp  ,breeze carry sharp mineral scent mountain
56,freshly brew coffee release rich nutty comforting fragrance,coffee fragrance  ,freshly brew coffee release rich nutty comforting fragrance
57,sharp bite ammonia sting nostril lab,sharp  ,sharp bite ammonia sting nostril lab
58,faint metallic odor cling rusty iron gate,metallic odor  ,faint metallic odor cling rusty iron gate
59,damp page ancient book exude musty earthy smell,earthy musty smell  ,damp page ancient book exude musty earthy smell
60,delicate scent lilac remind spring morning,scent  ,delicate scent lilac remind spring morning
61,burn rubber fill air car screech stop,  ,burn rubber fill air car screech stop
62,tropical sweetness ripe mango perfume farmer,mango perfume  ,tropical sweetness ripe mango perfume farmer
63,market stall,  ,market stall
64,salty tang accompany scent dry fish dock,fish salty scent tang  ,salty tang accompany scent dry fish dock
65,bake chocolate chip cookie fill kitchen warm sugary note,  ,bake chocolate chip cookie fill kitchen warm sugary note
66,morning frost carry crisp clean smell impending winter,clean crisp smell  ,morning frost carry crisp clean smell impending winter
67,bouquet lily fill room heady perfume,heady perfume  ,bouquet lily fill room heady perfume
68,harsh acrid smell smoke signal distant fire,smell smoke  ,harsh acrid smell smoke signal distant fire
69,sharp tang lemon zest brighten kitchen aroma,aroma lemon sharp tang  ,sharp tang lemon zest brighten kitchen aroma
70,earthy bitter smell coffee bean linger,bitter coffee earthy smell  ,earthy bitter smell coffee bean linger
72,fresh paint sharp chemical tang closed room,chemical fresh sharp tang  ,fresh paint sharp chemical tang closed room
73,sweet strawberry peak ripeness release juicy sugary fragrance,fragrance sweet  ,sweet strawberry peak ripeness release juicy sugary fragrance
74,faint whiff gasoline come recently park care,gasoline whiff  ,faint whiff gasoline come recently park care
75,burn incense fill temple rich spicy smoke,incense smoke spicy  ,burn incense fill temple rich spicy smoke
76,sweet milky scent coconut oil linger skin,coconut scent sweet  ,sweet milky scent coconut oil linger skin
77,barn smelled hay leather warm scent animal,hay leather scent  ,barn smelled hay leather warm scent animal
78,aromatic clove give cider festive spicy fragrance,clove fragrance spicy  ,aromatic clove give cider festive spicy fragrance
79,clean linen smell faintly lavender sunlight wash,clean lavender smell  ,clean linen smell faintly lavender sunlight wash
80,humid air carry swamp,  ,humid air carry swamp
81,earthy decay vegetation scent,earthy scent  ,earthy decay vegetation scent
82,ripe tomato stand smell earthy fresh tangy,earthy fresh smell  ,ripe tomato stand smell earthy fresh tangy
83,sharp peppery aroma arugula fill garden spring,aroma sharp  ,sharp peppery aroma arugula fill garden spring
84,melt chocolate give irresistible sweet creamy perfume,creamy perfume sweet  ,melt chocolate give irresistible sweet creamy perfume
85,wet dog smell fill car beach trip,smell  ,wet dog smell fill car beach trip
86,faint smell ozone hang air lightne,smell  ,faint smell ozone hang air lightne
87,hot asphalt carry smell summer heat city life,asphalt smell  ,hot asphalt carry smell summer heat city life
88,laundry smelled detergent fresh air faint lavender,detergent fresh lavender  ,laundry smelled detergent fresh air faint lavender
89,overwhelming stench spoiled milk fill kitchen,stench  ,overwhelming stench spoiled milk fill kitchen
90,eucalyptus leave give sauna soothing herbal fragrance,eucalyptus fragrance  ,eucalyptus leave give sauna soothing herbal fragrance
91,salty smell pretzel waft bustling street fair,salty smell  ,salty smell pretzel waft bustling street fair
92,faint sulfurous odor hint nearby hot spring,odor  ,faint sulfurous odor hint nearby hot spring
93,freshly grate nutmeg give pie warm spicy aroma,aroma nutmeg spicy  ,freshly grate nutmeg give pie warm spicy aroma
94,new leather boot carry distinct polished smell house,leather smell  ,new leather boot carry distinct polished smell house
95,barn,  ,barn
96,musty scent mix hay manure,hay manure musty scent  ,musty scent mix hay manure
97,faint fruity aroma come ferment wine barrel,aroma  ,faint fruity aroma come ferment wine barrel
98,soft powdery smell baby lotion cling nursery,powdery smell  ,soft powdery smell baby lotion cling nursery
99,forest floor smell damp rich alive rain,rain smell  ,forest floor smell damp rich alive rain
100,waft scent burnt sugar bring back childhood fair,scent sugar  ,waft scent burnt sugar bring back childhood fair
101,rich smoky aroma barbecue drift backyard,aroma smoky  ,rich smoky aroma barbecue drift backyard
102,pillow carry lingering trace perfume partner,perfume  ,pillow carry lingering trace perfume partner
103,tangy zest grapefruit brighten kitchen air,grapefruit tangy  ,tangy zest grapefruit brighten kitchen air
104,whiff fresh paint sting nose,fresh paint whiff  ,whiff fresh paint sting nose
105,decay autumn leave smell forest floor,decay smell  ,decay autumn leave smell forest floor
106,splash bleach carry sharp nose tingle,bleach sharp  ,splash bleach carry sharp nose tingle
107,pet store smell mix fur kibble sawdust,smell  ,pet store smell mix fur kibble sawdust
108,air carry burnt hair unpleasant odor,burnt hair odor  ,air carry burnt hair unpleasant odor
109,warm buttery croissant give off inviting aroma,aroma buttery  ,warm buttery croissant give inviting aroma
110,hall hospital sterile carry faint scent antiseptic,antiseptic scent  ,hall hospital sterile carry faint scent antiseptic
111,scent cinnamon bun waft bakery door,cinnamon scent  ,scent cinnamon bun waft bakery door
112,sun warm pine needle release woody fresh smell,fresh pine smell woody  ,sun warm pine needle release woody fresh smell
113,plastic toy give off synthetic chemical odor,chemical odor plastic synthetic  ,plastic toy give synthetic chemical odor
114,soft breeze carry honeysuckle hint evening walk,honeysuckle  ,soft breeze carry honeysuckle hint evening walk
115,old wine cellar filled musky scent age barrel,barrel musky scent  ,old wine cellar filled musky scent age barrel
116,campground air thick aroma bacon egg sizzle,aroma bacon  ,campground air thick aroma bacon egg sizzle
117,fridge release sour odor leftover week,sour odor  ,fridge release sour odor leftover week
118,steamed bun smell slightly sweet yeasty comforting,smell sweet yeasty  ,steamed bun smell slightly sweet yeasty comforting
119,sweat linger gym equipment acrid,acrid sweat  ,sweat linger gym equipment acrid
120,vanilla extract rich sweet aroma fill kitchen,aroma sweet vanilla  ,vanilla extract rich sweet aroma fill kitchen
121,armpit give off sharp unpleasant smell,sharp smell  ,armpit give sharp unpleasant smell
122,fish market filled briny salty scent ocean,briny fish salty scent  ,fish market filled briny salty scent ocean
123,fresh rain hit asphalt create earthy smell,asphalt earthy rain smell  ,fresh rain hit asphalt create earthy smell
124,cheese counter emit strong pungent odor,cheese odor pungent  ,cheese counter emit strong pungent odor
125,roses bloom exude classic floral fragrance,floral fragrance roses  ,roses bloom exude classic floral fragrance
126,turmeric cumin spice stew fill kitchen scent,cumin scent spice turmeric  ,turmeric cumin spice stew fill kitchen scent
127,heavy perfume cloud entrance theater,perfume  ,heavy perfume cloud entrance theater
128,baby skin smell faint lotion powder,smell  ,baby skin smell faint lotion powder
129,old refrigerator emit musty stale odor,musty odor stale  ,old refrigerator emit musty stale odor
130,summer field filled aroma fresh hay,aroma fresh hay  ,summer field filled aroma fresh hay
131,sour milk curdle glass produce foul stench,foul milk sour stench  ,sour milk curdle glass produce foul stench
132,popcorn butter scent drift cinema lobby,butter popcorn scent  ,popcorn butter scent drift cinema lobby
133,zoo air heavy animal scent straw,scent  ,zoo air heavy animal scent straw
134,hair salon reek dye ammonia product,ammonia dye reek  ,hair salon reek dye ammonia product
135,damp basement exude musty moldy odor,moldy musty odor  ,damp basement exude musty moldy odor
136,lemon cleaner leave sharp citrusy smell counter,lemon sharp smell  ,lemon cleaner leave sharp citrusy smell counter
137,fresh basil crush under knife release pungent aroma,aroma basil pungent  ,fresh basil crush knife release pungent aroma
138,pine cone crack underfoot forest floor smell woody,pine smell woody  ,pine cone crack underfoot forest floor smell woody
139,detergent aisle grocery store smell artificial floral,detergent floral smell  ,detergent aisle grocery store smell artificial floral
140,pepper grind salad release spicy pungent scent,pungent scent spicy  ,pepper grind salad release spicy pungent scent
141,sharp smell acetone fill nail salon,acetone sharp smell  ,sharp smell acetone fill nail salon
142,fried onion fill kitchen sweet savory aroma,aroma onion savory sweet  ,fried onion fill kitchen sweet savory aroma
143,bakery sweet scent sugar glaze donut rise morning,scent sugar sweet  ,bakery sweet scent sugar glaze donut rise morning
144,new book smell crisp ink paper,crisp ink smell  ,new book smell crisp ink paper
145,peach tree orchard emit fruity floral fragrance,floral fragrance fruity peach  ,peach tree orchard emit fruity floral fragrance
146,humid cave carry scent mineral earth,scent  ,humid cave carry scent mineral earth
147,nose wrinkle unpleasant odor public restroom,odor unpleasant  ,nose wrinkle unpleasant odor public restroom
148,old closet smell mix cedar mothball,cedar mothball smell,old closet smell mix cedar mothball
149,burning tire release acrid black smoke,acrid burning smoke  ,burning tire release acrid black smoke
150,fresh cilantro emit pungent citrusy scent,pungent scent  ,fresh cilantro emit pungent citrusy scent
151,hint chocolate linger after hot drink finish,chocolate  ,hint chocolate linger hot drink finish
152,bleach clean scent bathroom overpowering,bleach clean scent  ,bleach clean scent bathroom overpowering
153,alley behind restaurant reek oil garbage,garbage oil reek  ,alley behind restaurant reek oil garbage
154,rosewater perfume evoke memory grandmother,perfume rosewater  ,rosewater perfume evoke memory grandmother
155,rainforest air thick aroma damp vegetation,aroma damp  ,rainforest air thick aroma damp vegetation
156,air freshener spray release sharp synthetic floral odor,floral odor sharp synthetic  ,air freshener spray release sharp synthetic floral odor
157,fresh popcorn fill theater warm buttery scent,buttery popcorn scent  ,fresh popcorn fill theater warm buttery scent
158,hospital corridor sterile smell bleach medicine,bleach medicine smell  ,hospital corridor sterile smell bleach medicine
159,compost pile give earthy smell rot leaf,earthy leaf rot smell  ,compost pile give earthy smell rot leaf
160,garage filled oily metallic scent,metallic oily scent  ,garage filled oily metallic scent
161,vanilla bean simmer milk sweet creamy aroma,aroma creamy sweet vanilla  ,vanilla bean simmer milk sweet creamy aroma
162,cigar smoke hang heavy velvet curtain,smoke  ,cigar smoke hang heavy velvet curtain
163,banana peel sit sun emit sour odor,banana odor sour  ,banana peel sit sun emit sour odor
164,newly mown grass fill park green scent,grass scent  ,newly mown grass fill park green scent
165,garlic sauteed olive oil release mouthwatering aroma,aroma garlic oil  ,garlic sauteed olive oil release mouthwatering aroma
166,playground filled scent sunscreen bubblegum,scent  ,playground filled scent sunscreen bubblegum
167,cooked cabbage fill house unmistakable odor,cabbage odor  ,cooked cabbage fill house unmistakable odor
168,hotel lobby scented artificial jasmine oil,jasmine oil scented  ,hotel lobby scented artificial jasmine oil
169,vinegar clean leave acrid smell linger,acrid smell vinegar  ,vinegar clean leave acrid smell linger
170,lime zest give off bright tangy scent,lime scent tangy  ,lime zest give bright tangy scent
171,old attic smell dust history,dust smell  ,old attic smell dust history
172,basil mint blend pesto fill room herbal fragrance,basil fragrance herbal mint  ,basil mint blend pesto fill room herbal fragrance
173,fireplace emit warm woody scent crackle fire,scent woody  ,fireplace emit warm woody scent crackle fire
174,rubber boot drying sun smell scorched,rubber smell  ,rubber boot drying sun smell scorched
175,bowl fresh berries release sweet fruity aroma,aroma fruity sweet  ,bowl fresh berries release sweet fruity aroma
176,damp dog jump couch smell fill room,dog smell  ,damp dog jump couch smell fill room
177,fried food stall exude thick greasy aroma,aroma greasy  ,fried food stall exude thick greasy aroma
178,scent fresh cut flowers bouquet kitchen,flowers fresh scent  ,scent fresh cut flowers bouquet kitchen
179,kitchen smell yeast rising dough,dough smell yeast  ,kitchen smell yeast rising dough
180,burn hair unpleasant sharp acrid odor,acrid hair odor sharp  ,burn hair unpleasant sharp acrid odor
181,smell strong cologne announce arrival,smell  ,smell strong cologne announce arrival
182,woodshop filled scent sawdust pine,pine sawdust scent  ,woodshop filled scent sawdust pine
183,cinnamon spice candle burn evening warmth,candle cinnamon spice  ,cinnamon spice candle burn evening warmth
184,cooked shrimp carry distinctive briny aroma,aroma briny shrimp  ,cooked shrimp carry distinctive briny aroma
185,locker room heavy scent sweat disinfectant,scent sweat  ,locker room heavy scent sweat disinfectant
186,summer breeze carry scent blooming jasmine,jasmine scent  ,summer breeze carry scent blooming jasmine
187,airplane cabin faint odor stale air,odor stale  ,airplane cabin faint odor stale air
188,pastry oven release buttery flaky fragrance,buttery fragrance  ,pastry oven release buttery flaky fragrance
189,sulfur spring reek rotten egg odor,odor reek sulfur  ,sulfur spring reek rotten egg odor
190,air humid smell chlorinated pool,chlorinated smell  ,air humid smell chlorinated pool
191,apple pie cooling window spread warm spicy aroma,apple aroma spicy  ,apple pie cooling window spread warm spicy aroma
192,dandelion field carry light sweet scent,scent sweet  ,dandelion field carry light sweet scent
193,roast beef kitchen fill meaty rich aroma,aroma beef  ,roast beef kitchen fill meaty rich aroma
194,elevator filled scent floral detergent,detergent floral scent  ,elevator filled scent floral detergent
195,stew pot simmer scent thyme garlic bay leaf,garlic scent thyme  ,stew pot simmer scent thyme garlic bay leaf
196,old toy chest smell faint plastic childhood,plastic smell  ,old toy chest smell faint plastic childhood
197,pillowcase smell shampoo hint lavender,lavender shampoo smell  ,pillowcase smell shampoo hint lavender
198,carpet shampoo leave room strong soapy odor,odor shampoo soapy,carpet shampoo leave room strong soapy odor
199,coconut lotion linger beach towel,beach coconut lotion  ,coconut lotion linger beach towel
200,tang orange peel fill air breakfast table,orange tang  ,tang orange peel fill air breakfast table
201,soggy cardboard carry faint moldy odor,moldy odor  ,soggy cardboard carry faint moldy odor
202,scent fresh snowfall crisp air,crisp fresh scent  ,scent fresh snowfall crisp air
203,barbecue sauce caramelize meat release smoky aroma,aroma smoky  ,barbecue sauce caramelize meat release smoky aroma
204,attic smell dust mothball memory,dust mothball smell  ,attic smell dust mothball memory
205,subway car filled odor damp coat,coat damp odor  ,subway car filled odor damp coat
206,cup chamomile tea release soothing floral scent,chamomile floral scent  ,cup chamomile tea release soothing floral scent
207,engine oil spill leave sharp bitter odor,bitter odor oil sharp  ,engine oil spill leave sharp bitter odor
208,curry simmer pot fill room exotic spicy aroma,aroma curry spicy  ,curry simmer pot fill room exotic spicy aroma
209,old photograph smell faint ink decay,decay ink smell  ,old photograph smell faint ink decay
210,musty smell linger forgotten cellar,musty smell  ,musty smell linger forgotten cellar
211,tomato basil soup emit rich hearty fragrance,basil fragrance tomato  ,tomato basil soup emit rich hearty fragrance
212,puddle gasoline shimmer release tangy chemical smell,chemical gasoline smell tangy  ,puddle gasoline shimmer release tangy chemical smell
213,rubber tire stack warehouse emit industrial odor,odor rubber  ,rubber tire stack warehouse emit industrial odor
214,whipped cream sweet scent top hot cocoa,scent sweet  ,whipped cream sweet scent top hot cocoa
215,public restroom reek bleach urine,bleach reek urine  ,public restroom reek bleach urine
216,flower shop bloom carry overwhelming floral fragrance,floral fragrance  ,flower shop bloom carry overwhelming floral fragrance
217,ocean breeze salt spray tang air,salt spray tang  ,ocean breeze salt spray tang air
218,bar smell stale beer smoke,beer smell smoke stale  ,bar smell stale beer smoke
219,creosote log cabin wall give pungent smoky odor,odor pungent smoky  ,creosote log cabin wall give pungent smoky odor
220,spilled milk sun emit cloying sour smell,milk smell sour  ,spilled milk sun emit cloying sour smell
221,mustard seed toast pan release earthy sharp scent,earthy scent sharp  ,mustard seed toast pan release earthy sharp scent
222,wine glass hold fruity dry aroma,aroma fruity  ,wine glass hold fruity dry aroma
223,newspaper smell ink fresh print,ink smell  ,newspaper smell ink fresh print
224,compost bin emit rotten earthy odor,earthy odor rotten  ,compost bin emit rotten earthy odor
225,fresh thyme crush hand herbal tang,herbal tang thyme  ,fresh thyme crush hand herbal tang
226,old shoes smell mildew sweat,mildew smell sweat  ,old shoes smell mildew sweat
227,jasmine flower open dusk release seductive scent,jasmine scent  ,jasmine flower open dusk release seductive scent
228,burn marshmallow give off sugary charred smell,charred smell sugary  ,burn marshmallow give sugary charred smell
229,nail polish remover emit sharp acetone odor,acetone odor sharp  ,nail polish remover emit sharp acetone odor
230,kitchen sink drain smell sour detergent,detergent smell sour  ,kitchen sink drain smell sour detergent
231,pencil shaving give woody nostalgic scent,woody scent  ,pencil shaving give woody nostalgic scent
232,garage carry faint scent gasoline grease,gasoline grease scent  ,garage carry faint scent gasoline grease
233,rose petal scattered bath release soft fragrance,fragrance rose  ,rose petal scattered bath release soft fragrance
234,wet soil smell spring rain,rain smell soil  ,wet soil smell spring rain
235,open sewer emit foul choking stench,foul stench  ,open sewer emit foul choking stench
236,bottle sunscreen pop smell tropical coconut,coconut smell tropical  ,bottle sunscreen pop smell tropical coconut
237,oven mitt retain scent roast chicken,chicken scent  ,oven mitt retain scent roast chicken
238,faint trace perfume linger sweater collar,perfume  ,faint trace perfume linger sweater collar
239,dog fur smell outside adventure,fur smell  ,dog fur smell outside adventure
240,dry erase marker give chemical smell,chemical smell  ,dry erase marker give chemical smell
241,hot tar road construction emit acrid smoky odor,acrid odor smoky tar  ,hot tar road construction emit acrid smoky odor
242,mint toothpaste refresh breath crisp scent,crisp mint scent toothpaste  ,mint toothpaste refresh breath crisp scent
243,lavender sachet drawer perfume clothe,lavender perfume  ,lavender sachet drawer perfume clothe
244,musty trunk smell travel long end,musty smell  ,musty trunk smell travel long end
245,hot chocolate steam rich cocoa fragrance,cocoa fragrance  ,hot chocolate steam rich cocoa fragrance
246,grease trap reek fried food rot,food grease reek  ,grease trap reek fried food rot
247,pine air freshener hang car mirror sharp scent,pine scent sharp  ,pine air freshener hang car mirror sharp scent
248,sunlight grass release fresh earthy smell,earthy fresh grass smell,sunlight grass release fresh earthy smell
249,apple cider mull spice sweet scent,apple scent spice sweet  ,apple cider mull spice sweet scent
250,burn toast emit acrid smell linger room,acrid smell toast  ,burn toast emit acrid smell linger room
251,scent tobacco pipe fill library warmth,tobacco scent  ,scent tobacco pipe fill library warmth
252,musty crawl space smell earth rot,earth musty rot smell  ,musty crawl space smell earth rot
253,tang tomato vine cling hand garden,tomato tang  ,tang tomato vine cling hand garden
254,old letter sealed wax faint smoke odor,odor smoke wax  ,old letter sealed wax faint smoke odor
255,fresh sheet smell sun air,fresh sheet smell  ,fresh sheet smell sun air
256,chewing gum breath carry minty scent,minty scent  ,chewing gum breath carry minty scent
257,charcoal grill smoke season air barbecue,barbecue charcoal smoke  ,charcoal grill smoke season air barbecue
258,simmer stew fill house savory herbal aroma,aroma herbal savory stew  ,simmer stew fill house savory herbal aroma
259,gas leak faint rotten egg scent alert danger,egg rotten scent  ,gas leak faint rotten egg scent alert danger
260,lemon rind grate tart citrus smell,lemon rind smell tart  ,lemon rind grate tart citrus smell
261,musty book line ancient library shelf,book musty  ,musty book line ancient library shelf
262,puppy breath soft yeasty sweet,yeasty sweet  ,puppy breath soft yeasty sweet
263,open suitcase smell mildew disuse,mildew smell  ,open suitcase smell mildew disuse
264,butcher shop smell raw meat faint bleach,bleach meat smell  ,butcher shop smell raw meat faint bleach
265,orchid greenhouse carry subtle floral aroma,aroma floral orchid  ,orchid greenhouse carry subtle floral aroma
266,match strike flare sulfur scent,scent sulfur  ,match strike flare sulfur scent
267,refrigerator contain week old fish reek,fish reek  ,refrigerator contain week old fish reek
268,simmer garlic onion olive oil fill home smell,garlic oil onion smell  ,simmer garlic onion olive oil fill home smell
269,barn cat nest hay scent linger,hay scent  ,barn cat nest hay scent linger
270,flavored lip balm smell artificial strawberry,smell strawberry  ,flavored lip balm smell artificial strawberry
271,spring breeze scatter pollen floral perfume,floral perfume  ,spring breeze scatter pollen floral perfume
272,peanut butter jar give nutty aroma,aroma nutty  ,peanut butter jar give nutty aroma
273,dinner table laden curry turmeric spicy fragrance,curry fragrance spicy turmeric  ,dinner table laden curry turmeric spicy fragrance
274,whiff manure drift wind farm,manure whiff  ,whiff manure drift wind farm
275,bar soap blend oatmeal lavender scent,lavender oatmeal scent  ,bar soap blend oatmeal lavender scent
276,burn plastic emit toxic chemical odor,chemical odor plastic  ,burn plastic emit toxic chemical odor
277,grated parmesan add pungent aroma pasta,pungent aroma parmesan  ,grated parmesan add pungent aroma pasta
278,lilac bush release strong floral scent garden,floral lilac scent  ,lilac bush release strong floral scent garden
279,gas station smell fuel rubber asphalt,asphalt fuel rubber smell  ,gas station smell fuel rubber asphalt
280,damp towel mildew smell laundry basket,mildew smell towel  ,damp towel mildew smell laundry basket
281,scent sunscreen signal summer beach memory,scent sunscreen  ,scent sunscreen signal summer beach memory
282,vanilla frosting sweeten kitchen air,air sweet vanilla  ,vanilla frosting sweeten kitchen air
283,pine forest path carry crisp woody aroma,aroma crisp pine woody  ,pine forest path carry crisp woody aroma
284,boiling vinegar cleanse air acrid odor,acrid odor vinegar  ,boiling vinegar cleanse air acrid odor
285,sizzling sausage fill breakfast scent,scent sausage  ,sizzling sausage fill breakfast scent
286,lavender essential oil defuse bedroom sleep,lavender oil  ,lavender essential oil defuse bedroom sleep
287,brew beer smell yeasty hoppy scent,hoppy scent yeasty  ,brew beer smell yeasty hoppy scent
288,mildew cling shower curtain stale odor,mildew odor  ,mildew cling shower curtain stale odor
289,ice cream parlor sweet sugary aroma drift street,aroma sugary sweet  ,ice cream parlor sweet sugary aroma drift street
290,paint thinner strong sharp chemical smell,chemical sharp smell  ,paint thinner strong sharp chemical smell
291,popcorn stand carnival waft butter salt scent,butter popcorn salt scent  ,popcorn stand carnival waft butter salt scent
292,faint odor nail polish linger salon,odor polish  ,faint odor nail polish linger salon
293,cinnamon pinecone holiday decor emit spicy fragrance,cinnamon fragrance pinecone spicy  ,cinnamon pinecone holiday decor emit spicy fragrance
294,leather jacket hang closet rich smell,leather smell  ,leather jacket hang closet rich smell
295,aroma toast jam bring breakfast table,aroma jam toast  ,aroma toast jam bring breakfast table
296,onion sizzle pan sharp sweet smell,onion sharp smell sweet  ,onion sizzle pan sharp sweet smell
297,whiff perfume remind mother,perfume whiff  ,whiff perfume remind mother
298,carpet hold scent pet foot traffic,scent,carpet hold scent pet foot traffic
299,steamed rice release subtle nutty aroma,aroma nutty rice  ,steamed rice release subtle nutty aroma
300,old theater filled dust velvet scent,dust scent  ,old theater filled dust velvet scent
301,baby powder scent fill nursery,powder scent  ,baby powder scent fill nursery
302,apple peel cinnamon stew fill kitchen warm fragrance,apple cinnamon fragrance warm  ,apple peel cinnamon stew fill kitchen warm fragrance
303,chimney smoke drift village evening air,smoke  ,chimney smoke drift village evening air
304,faint scent maple syrup linger plate,scent syrup  ,faint scent maple syrup linger plate
305,grilled corn exude sweet charred aroma,aroma charred corn sweet  ,grilled corn exude sweet charred aroma
306,fridge smell forgotten broccoli cheese,mold smell  ,fridge smell forgotten broccoli cheese
307,wood polish scent linger antique table,polish scent  ,wood polish scent linger antique table
308,overripe banana emit strong fruity odor,banana fruity odor  ,overripe banana emit strong fruity odor
309,pineapple slice release juicy tang sweet scent,pineapple scent sweet tang  ,pineapple slice release juicy tang sweet scent
310,sawdust pile give raw woody smell,sawdust smell woody  ,sawdust pile give raw woody smell
311,fresh mozzarella mild milky aroma,aroma milky mozzarella  ,fresh mozzarella mild milky aroma
312,room spray burst artificial citrus fragrance,citrus fragrance  ,room spray burst artificial citrus fragrance
313,campfire smoke soak jacket weekend trip,campfire smoke  ,campfire smoke soak jacket weekend trip
314,barista hand over cup rich espresso aroma,aroma espresso  ,barista hand cup rich espresso aroma
315,damp towel sour mildew smell,damp mildew smell  ,damp towel sour mildew smell
316,maple bacon fry kitchen send sweet smoky scent,bacon smoky sweet scent  ,maple bacon fry kitchen send sweet smoky scent
317,sneeze pollen cloud flower shop,sneeze pollen  ,sneeze pollen cloud flower shop
318,fresh rosemary crush palm emit piney scent,palm piney rosemary scent  ,fresh rosemary crush palm emit piney scent
319,rotten potato bottom sack release foul odor,foul odor potato rotten  ,rotten potato bottom sack release foul odor
320,bookstore carry scent ink paper dust,dust ink paper scent  ,bookstore carry scent ink paper dust
321,candy store burst fruity sugary fragrance,fragrance fruity sugary  ,candy store burst fruity sugary fragrance
322,petting zoo smell hay fur animal,animal fur hay smell  ,petting zoo smell hay fur animal
323,butter melt pancake give off rich aroma,aroma butter  ,butter melt pancake give rich aroma
324,cut grass smell cling leg walk field,grass smell  ,cut grass smell cling leg walk field
325,candle shop filled spicy woody sweet scent,scent spicy sweet woody  ,candle shop filled spicy woody sweet scent
326,fresh mint leaf bruise finger strong aroma,aroma mint  ,fresh mint leaf bruise finger strong aroma
327,gravy simmer roast pan fill kitchen savory fragrance,fragrance gravy savory  ,gravy simmer roast pan fill kitchen savory fragrance
328,locker stink old shoe sweat detergent,detergent locker sweat  ,locker stink old shoe sweat detergent
329,frying fish fill house oily odor,fish odor oily  ,frying fish fill house oily odor
330,perfumed letter envelope hint lavender oil,lavender oil perfumed  ,perfumed letter envelope hint lavender oil
331,charcoal smoke rise grill scent fill patio,charcoal scent smoke  ,charcoal smoke rise grill scent fill patio
332,moldy bread emit sour pungent smell,moldy pungent smell sour  ,moldy bread emit sour pungent smell
333,vanilla bean custard warm oven fragrance,custard fragrance vanilla  ,vanilla bean custard warm oven fragrance
334,mothball scent cling winter coat,scent mothball  ,mothball scent cling winter coat
335,sizzling garlic fill kitchen sharp aroma,aroma garlic sharp  ,sizzling garlic fill kitchen sharp aroma
336,cologne trail behind man pass,scent cologne  ,cologne trail behind man pass
337,faint aroma maple bacon linger plate,bacon aroma maple  ,faint aroma maple bacon linger plate
338,laundry hung line breeze fresh scent,fresh laundry scent  ,laundry hung line breeze fresh scent
339,sharp whiff paint thinner hit nose,paint thinner whiff  ,sharp whiff paint thinner hit nose
340,oatmeal cinnamon bubble stovetop homey smell,cinnamon oatmeal smell  ,oatmeal cinnamon bubble stovetop homey smell
341,toothpaste minty foam smell clean,clean minty smell  ,toothpaste minty foam smell clean
342,open coconut release tropical creamy scent,coconut creamy scent  ,open coconut release tropical creamy scent
343,firecracker smoke linger air after celebration,smoke  ,firecracker smoke linger air celebration
344,kitchen filled scent vanilla sugar cookie,baking scent sugar vanilla  ,kitchen filled scent vanilla sugar cookie
345,sharp scent lemon cleanser hang sink,cleanser lemon scent sharp  ,sharp scent lemon cleanser hang sink
346,old barn wood hay animal musk,hay musk wood  ,old barn wood hay animal musk
347,fresh plum burst juice sweet fruity smell,fruity plum smell sweet  ,fresh plum burst juice sweet fruity smell
348,onion skin peel emit faint sharp odor,onion sharp odor  ,onion skin peel emit faint sharp odor
349,car seat hold scent sunscreen leather,leather scent sunscreen  ,car seat hold scent sunscreen leather
350,smoke chimney mix cold morning air,smoke  ,smoke chimney mix cold morning air
351,zookeeper coat smell straw dung,dung smell straw  ,zookeeper coat smell straw dung
352,fruit basket emit ripe mango banana aroma,aroma banana mango ripe  ,fruit basket emit ripe mango banana aroma
353,restaurant kitchen filled scent spice broth,broth scent spice  ,restaurant kitchen filled scent spice broth
354,old letter drawer smell age ink,ink letter smell  ,old letter drawer smell age ink
355,public bus faint odor food perfume people,food odor perfume  ,public bus faint odor food perfume people
356,mint leaf tea cup release crisp scent,crisp mint scent  ,mint leaf tea cup release crisp scent
357,refrigerator open smell garlic leftover,garlic smell  ,refrigerator open smell garlic leftover
358,saddle room filled leather hay musk,hay leather musk  ,saddle room filled leather hay musk
359,sauna air thick eucalyptus steam scent,eucalyptus scent  ,sauna air thick eucalyptus steam scent
360,baby wipe leave sweet synthetic scent hand,synthetic scent sweet  ,baby wipe leave sweet synthetic scent hand
361,egg salad sandwich emit sulfur smell,sulfur smell  ,egg salad sandwich emit sulfur smell
362,fall breeze carry scent bonfire fallen leaf,bonfire leaf scent  ,fall breeze carry scent bonfire fallen leaf
363,freshly caught fish sea brine scent,fish brine scent  ,freshly caught fish sea brine scent
364,scent incense curl air prayer room,incense scent  ,scent incense curl air prayer room
365,sharp ammonia sting nostril spill floor,ammonia sharp  ,sharp ammonia sting nostril spill floor
366,mashed potato butter release creamy aroma,aroma butter creamy  ,mashed potato butter release creamy aroma
367,beach towel hold scent salt sun lotion,lotion salt scent  ,beach towel hold scent salt sun lotion
368,grandmother quilt smell lavender cedar chest,cedar lavender quilt smell  ,grandmother quilt smell lavender cedar chest
369,fruit stand full melon peach tang,melon peach tang  ,fruit stand full melon peach tang
370,faint diesel hang truck stop,diesel  ,faint diesel hang truck stop
371,box crayon open release waxy scent,crayon scent waxy  ,box crayon open release waxy scent
372,cabbage boil pot fill house strong odor,cabbage odor  ,cabbage boil pot fill house strong odor
373,hot syrup pour waffle fill room scent,scent syrup  ,hot syrup pour waffle fill room scent
374,cool basement carry musty wet cement smell,cement musty smell  ,cool basement carry musty wet cement smell
375,lavender field hum bee breeze floral scent,floral lavender scent  ,lavender field hum bee breeze floral scent
376,sweet scent icing linger bakery door,icing scent sweet  ,sweet scent icing linger bakery door
377,chopped cilantro release earthy sharp fragrance,cilantro earthy fragrance sharp  ,chopped cilantro release earthy sharp fragrance
378,gasoline pump whiff fuel hit air,fuel gasoline whiff  ,gasoline pump whiff fuel hit air
379,sunflower field carry dry earthy scent,earthy sunflower scent  ,sunflower field carry dry earthy scent
380,honeycomb fresh cut smell rich sweet,honeycomb smell sweet  ,honeycomb fresh cut smell rich sweet
381,clothing store smell fabric dye plastic,dye fabric plastic smell  ,clothing store smell fabric dye plastic
382,muddy boot leave smell wet grass manure,grass manure smell  ,muddy boot leave smell wet grass manure
383,eggplant grill char release smoky scent,char eggplant smoky scent  ,eggplant grill char release smoky scent
384,sweet cherry pie cool window fill house aroma,aroma cherry sweet  ,sweet cherry pie cool window fill house aroma
385,creamy cheese counter carry musty odor,cheese musty odor  ,creamy cheese counter carry musty odor
386,baking bread scent waft open window,bread scent  ,baking bread scent waft open window
387,dusty old fan blow faint burning odor,burning dusty odor  ,dusty old fan blow faint burning odor
388,dill pickle jar open release sour briny smell,briny dill pickle smell sour  ,dill pickle jar open release sour briny smell
389,orange blossom tree fill garden floral scent,blossom floral orange scent  ,orange blossom tree fill garden floral scent
390,tar bubble street summer heat pungent odor,odor pungent tar  ,tar bubble street summer heat pungent odor
391,closet smell dust age perfume faint,dust perfume smell  ,closet smell dust age perfume faint
392,fresh mint toothpaste sting morning breath,mint sting toothpaste  ,fresh mint toothpaste sting morning breath
393,whiff body odor linger crowded elevator,body odor whiff  ,whiff body odor linger crowded elevator
394,sack potato rot release earthy foul smell,earthy foul potato rot smell  ,sack potato rot release earthy foul smell
395,aftershave scent trail skin towel,aftershave scent  ,aftershave scent trail skin towel
396,charred pepper give sweet smoky fragrance,charred pepper smoky sweet  ,charred pepper give sweet smoky fragrance
397,perfume bottle uncapped jasmine vanilla hit air,jasmine perfume vanilla  ,perfume bottle uncapped jasmine vanilla hit air
398,melt wax scent cinnamon orange drift house,cinnamon orange scent wax  ,melt wax scent cinnamon orange drift house
399,dog wet fur smell linger carpet,dog fur smell  ,dog wet fur smell linger carpet
400,air smell sulfur warning nearby spring,sulfur smell  ,air smell sulfur warning nearby spring
401,fresh eucalyptus branch snap clean herbal scent,eucalyptus herbal scent  ,fresh eucalyptus branch snap clean herbal scent
402,kitchen filled aroma roast garlic rosemary,aroma garlic rosemary  ,kitchen filled aroma roast garlic rosemary
403,aged cheese platter emit pungent tangy odor,cheese odor pungent tangy  ,aged cheese platter emit pungent tangy odor
404,cut lemon squirt air tart citrus scent,citrus lemon scent tart  ,cut lemon squirt air tart citrus scent
405,child blanket smell detergent mother perfume,detergent perfume smell  ,child blanket smell detergent mother perfume
406,fallen leaf damp path give musty aroma,aroma leaf musty  ,fallen leaf damp path give musty aroma
407,bacon sizzle pan rich savory scent,bacon savory scent  ,bacon sizzle pan rich savory scent
408,fridge emit faint onion fish smell,fish onion smell  ,fridge emit faint onion fish smell
409,mossy rock creekside exude earthy damp scent,earthy mossy scent  ,mossy rock creekside exude earthy damp scent
410,pastry counter smell vanilla almond sweet,almond sweet vanilla smell  ,pastry counter smell vanilla almond sweet
411,cotton candy twirl stick sugary scent drift,scent sugary  ,cotton candy twirl stick sugary scent drift
412,fresh ink pen bleed paper chemical odor,chemical ink odor  ,fresh ink pen bleed paper chemical odor
413,cup noodle steam rise salty artificial scent,artificial salty scent  ,cup noodle steam rise salty artificial scent
414,"lavender soap scent cling towel lavender, scent, soap  ",nan,lavender soap scent cling towel lavender scent soap
415,cooking pot fill curry cardamom spicy aroma,aroma cardamom curry spicy  ,cooking pot fill curry cardamom spicy aroma
416,baby blanket soft scent milk powder,milk powder scent  ,baby blanket soft scent milk powder
417,bus seat carry lingering body odor perfume,body odor perfume  ,bus seat carry lingering body odor perfume
418,sunshine warm wood deck give pine scent,pine scent wood  ,sunshine warm wood deck give pine scent
419,dry leaf burn pile acrid smoke rise,acrid leaf smoke  ,dry leaf burn pile acrid smoke rise
420,frying bacon fill room mouthwatering scent,bacon scent  ,frying bacon fill room mouthwatering scent
421,toddler hair smell sweet shampoo,scent shampoo sweet  ,toddler hair smell sweet shampoo
422,ripe tomato vine emit grassy tang,grassy tang tomato  ,ripe tomato vine emit grassy tang
423,kitchen sponge give off sour moldy odor,moldy odor sour sponge  ,kitchen sponge give sour moldy odor
424,school hallway smell pencil disinfectant sweat,disinfectant pencil smell sweat  ,school hallway smell pencil disinfectant sweat
425,carpet store filled scent glue fiber,fiber glue scent  ,carpet store filled scent glue fiber
426,potpourri bowl living room cinnamon floral aroma,aroma cinnamon floral potpourri  ,potpourri bowl living room cinnamon floral aroma
427,sun-warmed backpack emit scent plastic sunblock,plastic scent sunblock  ,sunwarmed backpack emit scent plastic sunblock
428,ginger root grated tea give sharp warm smell,ginger sharp smell warm  ,ginger root grated tea give sharp warm smell
429,new book open crisp paper ink scent,ink paper scent  ,new book open crisp paper ink scent
430,motel room faint odor bleach cigarette smoke,bleach cigarette odor smoke  ,motel room faint odor bleach cigarette smoke
431,chicken roast oven herb buttery aroma,aroma buttery chicken herb  ,chicken roast oven herb buttery aroma
432,box chalk open release dusty scent,chalk dusty scent  ,box chalk open release dusty scent
433,rotten egg smash sidewalk sulfurous stench,egg rotten stench  ,rotten egg smash sidewalk sulfurous stench
434,backyard barbecue carry smell meat charcoal,charcoal meat smell  ,backyard barbecue carry smell meat charcoal
435,closet filled scent cedar lavender pouch,cedar lavender scent  ,closet filled scent cedar lavender pouch
436,fish market thick air briny odor,briny fish odor  ,fish market thick air briny odor
437,spilled perfume coat sleeve cloying floral scent,cloying floral perfume scent  ,spilled perfume coat sleeve cloying floral scent
438,fresh rain hit asphalt smell mineral ozone,asphalt mineral ozone smell  ,fresh rain hit asphalt smell mineral ozone
439,unwashed sock emit foul sweaty odor,foul odor sweaty  ,unwashed sock emit foul sweaty odor
440,grilled pineapple sweet smoky tangy aroma,aroma pineapple smoky sweet tangy  ,grilled pineapple sweet smoky tangy aroma
441,motor oil stain garage give greasy metallic smell,greasy metallic oil smell  ,motor oil stain garage give greasy metallic smell
442,barbecue pit smoke laced cumin garlic,barbecue cumin garlic smoke  ,barbecue pit smoke laced cumin garlic
443,onion bag split pantry pungent tear smell,onion pungent smell  ,onion bag split pantry pungent tear smell
444,fresh paint dry wall acrid chemical odor,acrid chemical odor paint  ,fresh paint dry wall acrid chemical odor
445,florist shop smell rose lily fern,fern lily rose smell  ,florist shop smell rose lily fern
446,cologne dab wrist musky citrus trail,citrus cologne musky  ,cologne dab wrist musky citrus trail
447,pot simmer stew onion thyme meat aroma,aroma meat onion stew thyme  ,pot simmer stew onion thyme meat aroma
448,bed linen folded scent rose detergent,detergent rose scent  ,bed linen folded scent rose detergent
449,campfire blanket smell smoke wood ash,ash blanket smoke wood  ,campfire blanket smell smoke wood ash
450,old raincoat smell musty rubber mildew,mildew musty rubber smell,old raincoat smell musty rubber mildew
451,alleyway reek urine garbage rot,garbage rot urine  ,alleyway reek urine garbage rot
452,fresh pear sliced emit crisp fruity aroma,aroma crisp fruity pear  ,fresh pear sliced emit crisp fruity aroma
453,classroom smell dry erase marker old textbook,dry erase marker smell textbook  ,classroom smell dry erase marker old textbook
454,haystack barn warm sun release earthy scent,earthy haystack scent  ,haystack barn warm sun release earthy scent
455,candle wick burn lavender vanilla fill room,lavender vanilla  ,candle wick burn lavender vanilla fill room
456,fridge smell leftover curry onion,curry onion smell  ,fridge smell leftover curry onion
457,puppy blanket scent milk fur,fur milk scent  ,puppy blanket scent milk fur
458,bathroom cleaner sharp lemon bleach odor,bleach lemon odor sharp  ,bathroom cleaner sharp lemon bleach odor
459,freshly ground coffee fill air rich aroma,aroma coffee rich  ,freshly ground coffee fill air rich aroma
460,hair salon smell shampoo dye hairspray,dye hairspray shampoo smell  ,hair salon smell shampoo dye hairspray
461,plastic toy box carry faint chemical scent,chemical plastic scent  ,plastic toy box carry faint chemical scent
462,grape soda fizz burst sweet artificial smell,artificial grape smell sweet  ,grape soda fizz burst sweet artificial smell
463,cellar door open mold damp wood odor,damp mold odor wood  ,cellar door open mold damp wood odor
464,burn cinnamon stick release spicy warm scent,cinnamon spicy warm  ,burn cinnamon stick release spicy warm scent
465,whiff sweaty t-shirt linger after gym,shirt sweaty whiff  ,whiff sweaty tshirt linger gym
466,musty church pew smell incense polish,incense musty polish smell  ,musty church pew smell incense polish
467,potato fry oil send savory aroma kitchen,aroma oil potato savory  ,potato fry oil send savory aroma kitchen
468,salty breeze blow pier fish vendor scent,fish salty scent  ,salty breeze blow pier fish vendor scent
469,old refrigerator rubber seal mildew smell,mildew rubber smell  ,old refrigerator rubber seal mildew smell
470,cooked lentils carry earthy musky scent,earthy lentils musky scent  ,cooked lentils carry earthy musky scent
471,hotel lobby smell citrus cleaner carpet,citrus cleaner carpet smell  ,hotel lobby smell citrus cleaner carpet
472,aroma hot soup swirl steam bowl,aroma soup  ,aroma hot soup swirl steam bowl
473,rose bloom morning dew release sweet scent,rose scent sweet  ,rose bloom morning dew release sweet scent
474,cornfield rustle breeze release green grassy odor,grassy green odor  ,cornfield rustle breeze release green grassy odor
475,burn popcorn fill microwave bitter acrid smell,acrid bitter popcorn smell  ,burn popcorn fill microwave bitter acrid smell
476,woodsmoke cling scarf camp night,camp scarf woodsmoke  ,woodsmoke cling scarf camp night
477,child shoe smell grass mud detergent,detergent grass mud smell  ,child shoe smell grass mud detergent
478,fragrance lotion hint aloe cucumber,cucumber fragrance lotion  ,fragrance lotion hint aloe cucumber
479,grill pan hiss meat spice hit air,meat spice  ,grill pan hiss meat spice hit air
480,dryer sheet soften clothe leave fresh scent,clothe fresh scent  ,dryer sheet soften clothe leave fresh scent
481,restaurant vent blow garlic fry odor,fry garlic odor  ,restaurant vent blow garlic fry odor
482,pet cage smell sawdust animal waste,animal sawdust smell waste  ,pet cage smell sawdust animal waste
483,book page hold scent attic lavender dust,attic dust lavender scent  ,book page hold scent attic lavender dust
484,public pool smell chlorine rubber float,chlorine rubber smell  ,public pool smell chlorine rubber float
485,bakery scent butter sugar vanilla drift street,butter sugar vanilla  ,bakery scent butter sugar vanilla drift street
486,mint chocolate chip cone melt sticky hand,chocolate mint  ,mint chocolate chip cone melt sticky hand
487,coffee bean grind burst nutty smoky aroma,aroma coffee nutty smoky  ,coffee bean grind burst nutty smoky aroma
488,gasoline rag left garage acrid odor,acrid gasoline odor  ,gasoline rag left garage acrid odor
489,peanut butter cup give salty sweet scent,butter peanut salty scent sweet  ,peanut butter cup give salty sweet scent
490,wet towel gym bag mildew stink,mildew stink towel  ,wet towel gym bag mildew stink
491,holiday wreath pine clove cinnamon smell,cinnamon,holiday wreath pine clove cinnamon smell
492,cheese melt toast emit rich pungent aroma,aroma cheese pungent toast  ,cheese melt toast emit rich pungent aroma
493,wood cabin smell smoke pine moss,pine smoke moss  ,wood cabin smell smoke pine moss
494,tomato vine snap hand release sharp green scent,green sharp tomato scent  ,tomato vine snap hand release sharp green scent
495,wet leaves stuck boot smell rot forest,forest leaves rot smell  ,wet leaves stuck boot smell rot forest
496,honey drizzle biscuit bring floral sweet scent,floral honey scent sweet  ,honey drizzle biscuit bring floral sweet scent
497,soap bubble burst leave faint artificial perfume,artificial perfume soap  ,soap bubble burst leave faint artificial perfume
498,tobacco leaf roll cigar give earthy musky smell,earthy musky tobacco smell  ,tobacco leaf roll cigar give earthy musky smell
499,simmer broth carry garlic lemongrass aroma,aroma broth garlic lemongrass  ,simmer broth carry garlic lemongrass aroma
500,newspaper ink smudge finger leave chemical odor,chemical ink odor  ,newspaper ink smudge finger leave chemical odor
501,cinnamon roll warm tray coat kitchen scent,cinnamon kitchen scent  ,cinnamon roll warm tray coat kitchen scent
502,flower bouquet lily rose freesia waft perfume,freesia lily perfume rose  ,flower bouquet lily rose freesia waft perfume
503,old wool coat smell mothball closet,mothball smell wool  ,old wool coat smell mothball closet
504,street vendor roast peanut scent drift alley,peanut roast scent  ,street vendor roast peanut scent drift alley
505,uncooked rice sack emit faint earthy smell,earthy rice smell  ,uncooked rice sack emit faint earthy smell
506,garlic crush paste give off strong aroma,aroma garlic strong  ,garlic crush paste give strong aroma
507,closet smell sweat perfume damp cloth,cloth damp perfume sweat  ,closet smell sweat perfume damp cloth
508,scent shampoo trail air after shower,shampoo scent  ,scent shampoo trail air shower
509,zoo enclosure carry animal musk grass,animal grass musk  ,zoo enclosure carry animal musk grass
510,apple pie oven fill house cinnamon sugar scent,apple cinnamon scent sugar  ,apple pie oven fill house cinnamon sugar scent
511,plastic rain poncho smell vinyl synthetic,plastic synthetic vinyl  ,plastic rain poncho smell vinyl synthetic
512,fish tank filter emit faint algae odor,algae odor  ,fish tank filter emit faint algae odor
513,old trunk open dust mildew smell,mildew dust smell  ,old trunk open dust mildew smell
514,lemon zest mix batter tart citrus aroma,aroma citrus lemon tart  ,lemon zest mix batter tart citrus aroma
515,frying tofu emit nutty oily scent,nutty oily scent tofu  ,frying tofu emit nutty oily scent
516,gravel road hot sun give off mineral scent,gravel mineral scent  ,gravel road hot sun give mineral scent
517,hotdog stand steam ketchup onion drift scent,hotdog ketchup onion scent  ,hotdog stand steam ketchup onion drift scent
518,perfumed scarf catch whiff rose jasmine,jasmine perfume rose whiff  ,perfumed scarf catch whiff rose jasmine
519,camping tent hold smoke damp earth smell,damp earth smoke smell  ,camping tent hold smoke damp earth smell
520,walnut crack shell release woody nutty aroma,aroma nutty walnut woody  ,walnut crack shell release woody nutty aroma
521,hairbrush carry lingering scent shampoo oil,oil scent shampoo  ,hairbrush carry lingering scent shampoo oil
522,fresh basil chop give herbal peppery smell,basil herbal peppery smell  ,fresh basil chop give herbal peppery smell
523,green tea steam release grassy floral aroma,aroma floral grassy tea  ,green tea steam release grassy floral aroma
524,fridge whiff stale meat onion linger,meat onion stale whiff  ,fridge whiff stale meat onion linger
525,manhole steam rise city sulfur metallic odor,metallic odor sulfur  ,manhole steam rise city sulfur metallic odor
526,freshly peeled orange spray citrus zest,orange citrus zest  ,freshly peeled orange spray citrus zest
527,autumn leaf pile burn sharp smoke smell,burn leaf sharp smoke  ,autumn leaf pile burn sharp smoke smell
528,baby lotion rub skin sweet powdery scent,powdery lotion sweet scent  ,baby lotion rub skin sweet powdery scent
529,wood chip mulch warm sun give spicy earthy aroma,aroma earthy spicy wood  ,wood chip mulch warm sun give spicy earthy aroma
530,skunk cross road leave pungent foul stench,foul pungent skunk stench  ,skunk cross road leave pungent foul stench
531,candy cane unwrap release minty sharp scent,minty sharp scent  ,candy cane unwrap release minty sharp scent
532,fried chicken box carry grease spice odor,chicken grease odor spice  ,fried chicken box carry grease spice odor
533,kitchen counter smell vinegar baking soda,baking soda smell vinegar  ,kitchen counter smell vinegar baking soda
534,ocean breeze carry salt seaweed fish scent,fish salt seaweed scent  ,ocean breeze carry salt seaweed fish scent
535,old suitcase lined velvet hold scent travel mildew,mildew scent velvet  ,old suitcase lined velvet hold scent travel mildew
536,incense stick burn coil emit sweet smoky fragrance,fragrance incense smoky sweet  ,incense stick burn coil emit sweet smoky fragrance
537,baking cookie fill room vanilla chocolate smell,chocolate cookie smell vanilla  ,baking cookie fill room vanilla chocolate smell
538,fresh snow fall pine forest clean cold scent,clean cold pine scent  ,fresh snow fall pine forest clean cold scent
539,stale popcorn linger empty theater seat,popcorn stale  ,stale popcorn linger empty theater seat
