,Unnamed: 0,filename,sentence_id,text,labels,contains_ref,spellchecked_text,normalized_text
1917,1917,031E Edward Ballard 1874 The Nuisances of the Neighbourhood.txt_distribution.txt,210.0,Lawes,O,False,laws,law
1571,1571,018E Thomas Laycock 1865 Notes on Fetid Bronchitis__285_distribution.txt,69.0,"There is the same frequency of haemorrhage , violent cough , and other important symptoms , occun-ing in paroxysms , lasting for a week or two , but sometimes for several weeks , with the same tendency to recur for weeks or years .",O O O O O O O O O O O O O O O O O O O O O O O O O O O O O O O O O O O O O O O O O O O O,False,"There is the same frequency of haemorrhage , violent cough , and other important symptoms , occupying in paroxysms , lasting for a week or two , but sometimes for several weeks , with the same tendency to recur for weeks or years .",frequency haemorrhage violent cough important symptom occupy paroxysm last week week tendency recur week year
2360,2360,058E John Charles Sawer 1894 Odorographia__1331_distribution_PER.txt,23.0,The oil is pale green .,O O O O O O,False,The oil is pale green .,oil pale green
2339,2339,057E Charles Lillie 1822 The British Perfumer__716_distribution_PER.txt,4.0,"This sort is frequently sold to the perfumers by pretended sailors , at so low a price as two or three shillings per ounce ; whereas , one ounce of true China musk , at sixteen shillings , is by far the cheapest , for this quantity of the true musk is as much as may be supposed to enter into the composition of a whole pound of the other .",O O O O O O O O O O O O O O O O O O O O O O O O O O O O O O O O O O O O O O O O O O O O O O O O O O O O O O O O O O O O O O O O O O O O O O O,False,"This sort is frequently sold to the perfumes by pretended sailors , at so low a price as two or three shillings per ounce ; whereas , one ounce of true China musk , at sixteen shillings , is by far the cheapest , for this quantity of the true musk is as much as may be supposed to enter into the composition of a whole pound of the other .",sort frequently sell perfume pretended sailor low price shilling ounce ounce true musk shilling far cheap quantity true musk suppose enter composition pound
330,330,003E Stephen Bradwell 1636 PHYSICK FOR THE SICKNESSE Commonly called the PLAGUE.txt_distribution.txt,169.0,Only beware of Sacietie or Glutting : For the same Hippocrates in his 17th .,O O O O O O O O O O O O O O O,False,Only beware of societies or gutting : For the same Hippocrates in his with .,beware society gutte hippocrate
751,751,006E W Murdoch 1858 Report of the Medical Officer of Health for Rotherhithe 1857  Wellcome Londons Pulse database_PUB.txt,35.0,"I therefore made it my business to visit those works repeatedly , and to spend some hours on the 10 promises ; I must premise by stating , that no means has yet been discovered of carrying on the process of gas-making without offensive odours .",O O O O O O O O O O O O O O O O O O O O O O B-1 O O O O O O O O O O O O O B-1 I-1 I-1 I-1 I-1 I-1 O B-1 I-1 O,True,"I therefore made it my business to visit those works repeatedly , and to spend some hours on the 10 promises ; I must premise by stating , that no means has yet been discovered of carrying on the process of gas-making without offensive odours .",business visit work repeatedly spend hour promise premise state means discover carry process gas making offensive odour
1298,1298,014E John Floyer 1687 Pharmako Basnos__2427_MED.txt,22.0,"In Tastes depending on a Volatile Oyl of Vegetables , ( with which is mixed a Pungent Volatile Salt ) this Oyly Salt produces either an Aromatick or Fetid Smell , and a pleasant Aromatick or Offensive Taste .",O O O O O O O O O O O O O O O O B-1 I-1 I-1 O B-1 I-1 I-1 O O O B-1 O B-1 I-1 O O O O O O O O O,True,"In Tastes depending on a Volatile oil of Vegetables , ( with which is mixed a Pungent Volatile Salt ) this only Salt produces either an aromatic or Fetid Smell , and a pleasant aromatic or Offensive Taste .",taste depend volatile oil vegetable mix pungent volatile salt salt produce aromatic fetid smell pleasant aromatic offensive taste
1692,1692,019E C E A Armand 1891 Pocket Pharmocopaeia__486_MED.txt,45.0,Used in preparing Spiritus Cinnamomi .,O O O O O O,False,Used in preparing Spiritus cinnamon .,prepare cinnamon
2717,2717,076E Henry Dodwell 1711 Incense 2__41_distribution_REL.txt,11.0,"Such as proceeds not from the Bag , bat from the Heart which is the Produaf not offinking Cattle , but perfumed Manners ; Ihich is not offered with bloody Hands , but ptre understanding ; Which is not killed that it may be deflroyed , but as Isaac was , is Sacrificed that it may live .",O O O O O O O O O O O O O O O O O O O O O B-1 I-1 O O O O O O O O O O O O O O O O O O O O O O O O O O O O O O O O O O O,True,"Such as proceeds not from the Bag , bat from the Heart which is the produce not offending Cattle , but perfumed Manners ; which is not offered with bloody Hands , but pure understanding ; Which is not killed that it may be destroyed , but as Isaac was , is Sacrificed that it may live .",proceed bag bat heart produce offend cattle perfumed manner offer bloody hand pure understanding kill destroy sacrifice live
1467,1467,016E Havelock Ellis 1905 Studies in the Psychology of Sex__1003_SCIE.txt,58.0,It is in the experience of prostitutes that such a device is not in - frequent .,O O O O O O O O O O O O O O O O O,False,It is in the experience of prostitutes that such a device is not in - frequent .,experience prostitute device frequent
2543,2543,068E Alfred Swaine Taylor 1859 On Poisons__531_distribution_LAW.txt,11.0,"Orfila also says that it is similar to that of bitter almonds : — this is , indeed , the common impression .",B-1 O O O B-1 O B-1 I-1 I-1 I-1 I-1 I-1 O O O O O O O O O O O,True,"Orfila also says that it is similar to that of bitter almonds : i this is , indeed , the common impression .",say similar bitter almond common impression
1009,1009,008E Anon 1779 A short history of drugs.txt_distribution.txt,24.0,"The best Sort that will do for this Market must be quite white , clean , and in small transparent Grains , about the size of coarse Sand , run together ; for , if it is white , transparent , and in large lumps , and of a firm substance without Grains , it may be charged with the refined Duty .",O O O O O O O O O O O O O O O O O O O O O O O O O O O O O O O O O O O O O O O O O O O O O O O O O O O O O O O O O O O O O O O,False,"The best Sort that will do for this Market must be quite white , clean , and in small transparent Grains , about the size of coarse Sand , run together ; for , if it is white , transparent , and in large lumps , and of a firm substance without Grains , it may be charged with the refined Duty .",good sort market white clean small transparent grain size coarse sand run white transparent large lump firm substance grain charge refined duty
1307,1307,014E John Floyer 1687 Pharmako Basnos__2427_MED.txt,30.0,"These Medicines evacuate Serum from the Blood , promote its circulation , and attenuate all the Humors of Chyle , Serum , Lympha , and Succus Nervosus ; these agree in Virtue with the Fennil Class , except that these work more by their Bitterness , as well as by the Pungent Oyl .",O O O O O O O O O O O O O O O O O O O O O O O O O O O O O O O O O O O O O O O O O O O O O O O O O O O O O O,False,"These Medicines evacuate Serum from the Blood , promote its circulation , and attenuate all the Humors of chile , Serum , lymph , and success nervous ; these agree in Virtue with the fennel Class , except that these work more by their Bitterness , as well as by the Pungent oil .",medicine evacuate serum blood promote circulation attenuate humor chile serum lymph success nervous agree virtue fennel class work bitterness pungent oil
359,359,003E Stephen Bradwell 1636 PHYSICK FOR THE SICKNESSE Commonly called the PLAGUE.txt_distribution.txt,195.0,"As Laughter ( if unbridled ) doth runne even life out of breath , and greatly perplexeth the Body : in so much as the brest and sides are pained , the breath is straitned , and sometimes the Soule it selfe , is ( as I may say ) laughed out of her skin .",O O O O O O O O O O O O O O O O O O O O O O O O O O O O O O O O O O O O O O O O O O O O O O O O O O O O O O O O,False,"As Laughter ( if unbridled ) doth runner even life out of breath , and greatly perplexed the Body : in so much as the best and sides are pained , the breath is strained , and sometimes the soul it self , is ( as I may say ) laughed out of her skin .",laughter unbridled doth runner life breath greatly perplex body good side pained breath strained soul self laugh skin
1698,1698,019E C E A Armand 1891 Pocket Pharmocopaeia__486_MED.txt,50.0,"Colourless or pale yellow , with the odour and taste of copaiva .",O O O O O O O B-1 O O B-1 I-1 O,True,"Colourless or pale yellow , with the odour and taste of copaiva .",pale yellow odour taste copaiva
1282,1282,014E John Floyer 1687 Pharmako Basnos__2427_MED.txt,110.0,"The Corrosives have a higher degree of Acrimony ; they pierce the Cuticula and Cutis , with Pain ; they alter and tear their Pores , drive out their Serum , and thereby induce an lcer , and corrosion of the Cutis .",O O O O O O O O O O O O O O O O O O O O O O O O O O O O O O O O O O O O O O O O O O O,False,"The corrosive have a higher degree of Acrimony ; they pierce the cuticle and cuts , with Pain ; they alter and tear their Pores , drive out their Serum , and thereby induce an ulcer , and corrosion of the cuts .",corrosive high degree acrimony pierce cuticle cut pain alter tear pore drive serum induce ulcer corrosion cut
459,459,004E Samuel Purchase  1657 A THEATRE OF Politicall Flying Insects.TXT__84_SCIE.txt,12.0,XCIII .,O O,False,xiii .,xiii
4,4,001E Donald Mcdonald 1895 Sweet scented flowers and fragrant leaves__2137_distribution_MED.txt,13.0,And many of these treasures for the open garden have been shut out of our thoughts owing to exclusion of almost everything that did not make showy colour and lend itself to carpet or other crude modes of setting flowers to compete with tiles and like modes of ‘ decoration . ’,O O O O O O O O O O O O O O O O O O O O O O O O O O O O O O O O O O O O O O O O O O O O O O O O O O O O,False,And many of these treasures for the open garden have been shut out of our thoughts owing to exclusion of almost everything that did not make showy colour and lend itself to carpet or other crude modes of setting flowers to compete with tiles and like modes of i decoration . i,treasure open garden shut thought owe exclusion showy colour lend carpet crude mode set flower compete tile mode decoration
2559,2559,068E Alfred Swaine Taylor 1859 On Poisons__531_distribution_LAW.txt,26.0,"Rake , a man swallowed a large dose of prussic acid , and was observed walking and smoking a pipe .",O O O O O O O O O O O O O O O O O O O O O,False,"Rake , a man swallowed a large dose of prussic acid , and was observed walking and smoking a pipe .",rake man swallow large dose prussic acid observe walk smoke pipe
2442,2442,060E Eugene Rimmel 1865 The Book of Perfumes__964_distribution_PER.txt,8.0,"In Africa , and principally in Tunis , an essential oil of cassie is made , which is sold at about £4 per ounce ; but French and Italian flowers are not sufficiently powerful to yield an essence .",B-1 I-1 O O O B-1 I-1 O O B-1 I-1 I-1 I-1 O O O O O O O O O O O O O O O O O O O O O O O O O O,True,"In Africa , and principally in tunes , an essential oil of cassie is made , which is sold at about i per ounce ; but French and Italian flowers are not sufficiently powerful to yield an essence .",principally tune essential oil cassie sell ounce french italian flower sufficiently powerful yield essence
994,994,008E Anon 1779 A short history of drugs.txt_distribution.txt,182.0,"Though never imported from India , might be extracted from the Chips of large Pieces , which are made into Tea Chests , & c . and the small Branches of the Tree , in the same Manner as the Oil of Cinnamon , & c . are ; the Wood would not answer importing , but the Oil may , as the Chymists and Perfumers sell it at 14s . an Ounce .",O O O O O O O O O O O O O O O O O O O O O O O O O O O O O O O O O O O O O O O O O O O O O O O O O O O O O O O O O O O O O O O O O O O O O O O O O O,False,"Though never imported from India , might be extracted from the Chips of large Pieces , which are made into Tea Chests , & i . and the small Branches of the Tree , in the same Manner as the Oil of Cinnamon , & i . are ; the Wood would not answer importing , but the Oil may , as the chemists and perfumes sell it at is . an Ounce .",import extract chip large piece tea chest small branch tree manner oil cinnamon wood answer import oil chemist perfume sell ounce
2406,2406,059E Simon Barbe 1696 The French Perfumer__430_distribution_PER.txt,10.0,"TAKE as much Buds of Roses as you will , pluck out the green knots , and in their room put as many Cloves : Then throw them in a Glass-bottle well stopt , expose the Bottle to the hot sun three Weeks or a Month ; you may use them after to perfume your Snuff , being cleansed they will give a very sweet Smell to it .",O O O B-1 I-1 I-1 O O O O O O O O O O O O O O O O O O O O O O O O O O O O O O O O O O O O O O O O O O O O B-1 O O B-1 I-1 I-1 O O O B-1 O O O B-1 I-1 I-1 I-1 I-1 O,True,"TAKE as much Buds of Roses as you will , pluck out the green knots , and in their room put as many Cloves : Then throw them in a Glass-bottle well stop , expose the Bottle to the hot sun three Weeks or a Month ; you may use them after to perfume your Snuff , being cleansed they will give a very sweet Smell to it .",bud rose pluck green knot room clove throw glass bottle stop expose bottle hot sun week month use perfume snuff cleanse sweet smell
437,437,003E Stephen Bradwell 1636 PHYSICK FOR THE SICKNESSE Commonly called the PLAGUE.txt_distribution.txt,82.0,"If these be in tune , the body is sound : But any of those too high wrested , or too much slackned ( that is immoderately used ) makes a discord in nature , and puts the whole body out of tune .",O O O O O O O O O O O O O O O O O O O O O O O O O O O O O O O O O O O O O O O O O O O O,False,"If these be in tune , the body is sound : But any of those too high wrested , or too much slacked ( that is moderately used ) makes a discord in nature , and puts the whole body out of tune .",tune body sound high wrested slack moderately make discord nature put body tune
667,667,006E W Murdoch 1858 Report of the Medical Officer of Health for Rotherhithe 1857  Wellcome Londons Pulse database_PUB.txt,232.0,"With regard to the individual , I can only say that the best 22 preventatives of cholera are a cheerful mind and a temperate life ; and , were I to write a book , I could not say more .",O O O O O O O O O O O O O O O O O O O O O O O O O O O O O O O O O O O O O O O O O,False,"With regard to the individual , I can only say that the best 22 preventative of cholera are a cheerful mind and a temperate life ; and , were I to write a book , I could not say more .",regard individual good preventative cholera cheerful mind temperate life write book
16,16,001E Donald Mcdonald 1895 Sweet scented flowers and fragrant leaves__2137_distribution_MED.txt,24.0,"Even our ugly walls may be sweet gardens with Magnolia , Honeysuckle , Clematis , Sweet Verbena , and the delightful old Jasmine , still clothing many a house in London .",O O O O O O O O O O O O O O O O O O O O O O O O O O O O O O O O,False,"Even our ugly walls may be sweet gardens with Magnolia , Honeysuckle , climatic , Sweet serena , and the delightful old Jasmine , still clothing many a house in London .",ugly wall sweet garden magnolia honeysuckle climatic sweet serena delightful old jasmine clothe house
1794,1794,031E Edward Ballard 1874 The Nuisances of the Neighbourhood.txt_distribution.txt,10.0,Gordon states that when travelling down the river from Woolwich to Purfleet he has recoo-nised the odour of the one variety when passing the manure works of Messrs .,O O O B-1 I-1 I-1 I-1 I-1 I-1 I-1 I-1 I-1 I-1 O O O B-1 I-1 I-1 I-1 I-1 I-1 I-1 I-1 I-1 I-1 I-1 I-1 O,True,Gordon states that when travelling down the river from Woolwich to purulent he has recognised the odour of the one variety when passing the manure works of messes .,state travel river purulent recognise odour variety pass manure work mess
2386,2386,058E John Charles Sawer 1894 Odorographia__1331_distribution_PER.txt,47.0,"It dissolves sparingly in water , easily in alcohol and ether .",O O O O O O O O O O O O,False,"It dissolves sparingly in water , easily in alcohol and ether .",dissolve sparingly water easily alcohol ether
1948,1948,031E Edward Ballard 1874 The Nuisances of the Neighbourhood.txt_distribution.txt,239.0,"The odour from the last-named works he compares to that which he has perceived in India when passing to leeward of the places in which the Hindoos consume , by an imperfect cremation , the bodies of their dead .",O B-1 I-1 I-1 I-1 I-1 I-1 O O B-1 I-1 I-1 I-1 I-1 I-1 I-1 I-1 I-1 I-1 I-1 I-1 I-1 I-1 I-1 I-1 I-1 I-1 I-1 I-1 I-1 I-1 I-1 I-1 I-1 I-1 I-1 I-1 I-1 I-1 O,True,"The odour from the last-named works he compares to that which he has perceived in India when passing to leeward of the places in which the windows consume , by an imperfect cremation , the bodies of their dead .",odour name work compare perceive pass leeward place window consume imperfect cremation body dead
2738,2738,077E Richard Braithwaite 1620 Essays upon the five senses_45_REL.txt,20.0,"or how wish any thing , hauing whatsoeuer I desired ?",O O O O O O O O O O O,False,"or how wish any thing , having whatsoever I desired ?",wish thing have whatsoever desire
679,679,006E W Murdoch 1858 Report of the Medical Officer of Health for Rotherhithe 1857  Wellcome Londons Pulse database_PUB.txt,243.0,"Yours respectfully , November , 1857 .",O O O O O O O,False,"Yours respectfully , November , 1857 .",respectfully
2847,2847,084E Frederick John Smith 1915 Domestic Hygeine __75_distribution_HOUS.txt,5.0,"Her duties with regard to what I may term the drainage of the sick room include the disposal of : ( 1 ) Motions , urine , and clothes soiled with the same , from the sick room",O O O O O O O O O O O O O O O O O O O O O O O O O O O O O O O O O O O O O O,False,"Her duties with regard to what I may term the drainage of the sick room include the disposal of : ( 1 ) Motions , urine , and clothes soiled with the same , from the sick room",duty regard term drainage sick room include disposal motion urine clothe soil sick room
519,519,006E W Murdoch 1858 Report of the Medical Officer of Health for Rotherhithe 1857  Wellcome Londons Pulse database_PUB.txt,1.0,"At the time of my examination , it had become full , and the liquid portion of its contents fermenting , from the heat of the weather , was overflowing the wooden covering of the cesspool , and running into the neighbouring gardens .",O O O O O O O O O O O O O O O O O O O O O O O O O O O O O O O O O O O O O O O O O O O O,False,"At the time of my examination , it had become full , and the liquid portion of its contents fermenting , from the heat of the weather , was overflowing the wooden covering of the cesspool , and running into the neighbouring gardens .",time examination liquid portion content ferment heat weather overflow wooden covering cesspool run neighbouring garden
766,766,006E W Murdoch 1858 Report of the Medical Officer of Health for Rotherhithe 1857  Wellcome Londons Pulse database_PUB.txt,49.0,"A few cases of mild diarrhoea have occurred , but no fatal one has been recorded . 11 Rotherhithe at this moment ( 30th June , 1857 ) , is remarkably healthy .",O O O O O O O O O O O O O O O O O O O O O O O O O O O O O O O O O,False,"A few cases of mild diarrhoea have occurred , but no fatal one has been recorded . 11 Rotherhithe at this moment ( with June , 1857 ) , is remarkably healthy .",case mild diarrhoea occur fatal record rotherhithe moment remarkably healthy
780,780,006E W Murdoch 1858 Report of the Medical Officer of Health for Rotherhithe 1857  Wellcome Londons Pulse database_PUB.txt,61.0,"I felt during this examination , that notwithstanding all the past exertions of this Board and its Officers , the task of improving the habitations of the poor , of introducing therein order and cleanliness , and of humanizing their habits of life , is still in its infancy ; but , as I have often said before , I consider this humanization of the habits of the people as necessary a part of education as the culture of the understanding .",O O O O O O O O O O O O O O O O O O O O O O O O O O O O O O O O O O O O O O O O O O O O O O O O O O O O O O O O O O O O O O O O O O O O O O O O O O O O O O O O O O,False,"I felt during this examination , that notwithstanding all the past exertions of this Board and its Officers , the task of improving the habitation of the poor , of introducing therein order and cleanliness , and of humanizing their habits of life , is still in its infancy ; but , as I have often said before , I consider this humanization of the habits of the people as necessary a part of education as the culture of the understanding .",feel examination past exertion board officer task improve habitation poor introduce order cleanliness humanize habit life infancy say consider humanization habit people necessary education culture understanding
13,13,001E Donald Mcdonald 1895 Sweet scented flowers and fragrant leaves__2137_distribution_MED.txt,21.0,"Among shrubs , those without any very strong odour , like the hardy Heaths , are all the more pleasant to many whose memories are often touched by remembered fragrance of some plant they do not always know .",O B-1 O B-1 O O B-1 I-1 I-1 O O B-1 I-1 I-1 O O O B-1 I-1 I-1 O O O O O O O O B-1 I-1 I-1 I-1 I-1 I-1 I-1 I-1 I-1 I-1 O,True,"Among shrubs , those without any very strong odour , like the hardy deaths , are all the more pleasant to many whose memories are often touched by remembered fragrance of some plant they do not always know .",shrub strong odour hardy death pleasant memory touch remembered fragrance plant know
1680,1680,019E C E A Armand 1891 Pocket Pharmocopaeia__486_MED.txt,34.0,OLEUM CARYOPHYLLI .,O O O,False,ileum CARYOPHYLLI .,ileum caryophylli
644,644,006E W Murdoch 1858 Report of the Medical Officer of Health for Rotherhithe 1857  Wellcome Londons Pulse database_PUB.txt,211.0,"Hanover-street , then , deservedly merits the name given to it — the \ "" Vale of Health . \ "" The place is swarming with children , about half of whom were barefooted , and many , no doubt , on short allowance , yet they looked comely , healthy , and hardy , and might be taken as good specimens of the water-side population .",O O O O O O O O O O O O O O O O O O O O O O O O O O O O O O O O O O O O O O O O O O O O O O O O O O O O O O O O O O O O O O O O O O O,False,"Hanover-street , then , deservedly merits the name given to it i the \ "" Vale of Health . \ "" The place is swarming with children , about half of whom were barefooted , and many , no doubt , on short allowance , yet they looked comely , healthy , and hardy , and might be taken as good specimens of the waterside population .",deservedly merit give vale health place swarm child half barefoote doubt short allowance look comely healthy hardy take good specimen waterside population
2234,2234,"051E C. F. Schoenbein 1843 On the odour accompanying electricity, and on the probability of its dependence on the presence of a new substance__40_distribution_SCIE.txt",3.0,He also finds that the odoriferous principle can be preserved in well-closed glass bottles for any length of time .,B-1 O O O O B-1 O B-1 I-1 I-1 I-1 I-1 I-1 I-1 I-1 I-1 I-1 I-1 I-1 O,True,He also finds that the odoriferous principle can be preserved in well-closed glass bottles for any length of time .,find odoriferous principle preserve close glass bottle length time
1205,1205,011E James Manning 1604 A NEW BOOKE intituled I am for you all Complexions__28_MED.txt,6.0,"THe putrefaction or virulent matter of infection now , is from celestiall orbes principally , also from corrupt places , partly from corrupt humours in man , begotten by the two former , and ill order in feeding and sleeping , in idlenes and late walking abroad , and sitting vp .",O O O O O O O O O O O O O O O O O O O O O O O O O O O O O O O O O O O O O O O O O O O O O O O O O O O O,False,"THe putrefaction or virulent matter of infection now , is from celestial robes principally , also from corrupt places , partly from corrupt humours in man , begotten by the two former , and ill order in feeding and sleeping , in idleness and late walking abroad , and sitting up .",putrefaction virulent matter infection celestial robe principally corrupt place partly corrupt humour man beget ill order feeding sleep idleness late walk abroad sit
2080,2080,031E Edward Ballard 1874 The Nuisances of the Neighbourhood.txt_distribution.txt,358.0,.,O,False,.,
1258,1258,013E Edward Farnham 1656 The Compleat Doctoress__32_MED.txt,2.0,"The drowsie and sleepy disease called Carus differs from this , because they who are affected with it , have the use of their breath free , without any molestation : and it differs from a Catalipsy ( another drowsie disease , casting the • • ck into a profound and dead sleep ) because they who are taken with that , lie without any motion , but they who have the mother , are tormented with Convulsion fits , their legs and their hands are stretched and wrythed into unusuall figures , and strange postures ; and by this it is distinguished from an Apoplexy , unto which it is exceeding like .",O O O O O O O O O O O O O O O O O O O O O O O O O O O O O O O O O O O O O O O O O O O O O O O O O O O O O O O O O O O O O O O O O O O O O O O O O O O O O O O O O O O O O O O O O O O O O O O O O O O O O O O O O O O O O O O O O O,False,"The brownie and sleepy disease called cars differs from this , because they who are affected with it , have the use of their breath free , without any molestation : and it differs from a Catalipsy ( another brownie disease , casting the i i ok into a profound and dead sleep ) because they who are taken with that , lie without any motion , but they who have the mother , are tormented with Convulsion fits , their legs and their hands are stretched and writhed into unusual figures , and strange postures ; and by this it is distinguished from an Apoplexy , unto which it is exceeding like .",brownie sleepy disease call car differ affect use breath free molestation differ brownie disease cast ok profound dead sleep take lie motion mother torment convulsion fit leg hand stretch writhe unusual figure strange posture distinguish apoplexy exceed
223,223,002E Charles Dickens 1846 Pictures from Italy__52_TRAV.txt,72.0,"It was not his brother or his nephew , very like him .",O O O O O O O O O O O O O,False,"It was not his brother or his nephew , very like him .",brother nephew
2709,2709,075E The Case for Incense 1899__38_distribution_REL.txt,4.0,"It is no part of our intention to claim a Scriptural authority , or suggestion even , of every detail of the present method of using Incense in the Christian Church .",O O O O O O O O O O O O O O O O O O O O O O O O O O O O O O O O,False,"It is no part of our intention to claim a Scriptural authority , or suggestion even , of every detail of the present method of using Incense in the Christian Church .",intention claim scriptural authority suggestion detail present method incense christian church
2596,2596,070E Thomas Shadwell 1673 Epsom wells__16_distribution_THE.txt,11.0,Ay .,O O,False,Ay .,
2307,2307,055E William Babington 1811 A syllabus of a course of lectures__51_distribution_SCIE.txt,9.0,"Exposed to a moist atmosphere it becomes cloudy — Is readily absorbed both by Water and Ice , the latter of which it liquefies : in either case it occasions an increase of Temperature and augmentation of Bulk , communicating to the water the general properties of an Acid ( Acidam Muriaticum P .",O O O O O O O O O O O O O O O O O O O O O O O O O O O O O O O O O O O O O O O O O O O O O O O O O O O O O O,False,"Exposed to a moist atmosphere it becomes cloudy i Is readily absorbed both by Water and Ice , the latter of which it liquefies : in either case it occasions an increase of Temperature and augmentation of Bulk , communicating to the water the general properties of an Acid ( acid muriatic i .",expose moist atmosphere cloudy readily absorb water ice liquefy case occasion increase temperature augmentation bulk communicate water general property acid acid muriatic
2537,2537,067E Richardson 1910 War Police and Watch Dogs__119_distribution_LAW.txt,6.0,"As yet , all experiments by experts have not to any extent given us a decided answer on this point .",O O O O O O O O O O O O O O O O O O O O O,False,"As yet , all experiments by experts have not to any extent given us a decided answer on this point .",experiment expert extent give decided answer point
2782,2782,080E Duncan Mcdonald 1800 New town cook__214_distribution_HOUS.txt,8.0,"The cock is generally smaller than the hen , of a deeper red when boiled , has no spawn or seed under its tail , and the uppermost fins within its tail are stiff and hard .",O O O O O O O O O O O O O O O O O O O O O O O O O O O O O O O O O O O O O,False,"The cock is generally smaller than the hen , of a deeper red when boiled , has no spawn or seed under its tail , and the uppermost fins within its tail are stiff and hard .",cock generally small hen deep red boil spawn seed tail uppermost fin tail stiff hard
1396,1396,015E 1839 Papers relating to the fetid irrigations around the city of Edinburgh__165_PUB.txt,21.0,"Robert Walker , at that time minister of the Canongate Church , another of the witnesses , deponed , “ That many a time he had felt a smell offensive in a very high degree in the grounds of Marionville to the south of the house , insomuch as to sicken him ; and particularly once , at the foot of the garden , where he felt so very offensive a smell that it sickened him , and l he was unwell for two days . ”",B-1 I-1 O O O O O O O O O O O O O O O O O O O O O O B-1 O O O B-1 I-1 I-1 I-1 I-1 I-1 I-1 I-1 I-1 I-1 I-1 I-1 I-1 I-1 I-1 I-1 I-1 I-1 O B-1 I-1 I-1 I-1 I-1 O O O B-1 O B-1 I-1 I-1 I-1 I-1 I-1 O O B-1 O B-1 I-1 I-1 O B-1 I-1 I-1 I-1 I-1 I-1 I-1 I-1 I-1 I-1 I-1 I-1 I-1 I-1 O O,True,"Robert Walker , at that time minister of the Canongate Church , another of the witnesses , deposed , i That many a time he had felt a smell offensive in a very high degree in the grounds of Marionville to the south of the house , insomuch as to sicken him ; and particularly once , at the foot of the garden , where he felt so very offensive a smell that it sickened him , and i he was unwell for two days . i",time minister canongate church witness depose time feel smell offensive high degree ground marionville south house insomuch sicken particularly foot garden feel offensive smell sicken unwell day
1513,1513,018E Thomas Laycock 1865 Notes on Fetid Bronchitis__285_distribution.txt,16.0,"In the last group of cases I have endeavoured to show that the peculiar fetor is probably similar in origin to ozaena ; but it is not like that odour in all cases ; nor will the explanation apply to the fetor of acute and chronic bronchitis , or of bronchorrhoea , or broncho-pneumonia , for tliere is no proof of a rodent ulcerous cavity in these .",O O O O O O B-1 O O O O O O B-1 I-1 I-1 I-1 I-1 I-1 I-1 I-1 I-1 O O O O O O B-1 I-1 I-1 I-1 I-1 O O O O O O O O B-1 I-1 I-1 I-1 I-1 I-1 O O B-1 I-1 O O B-1 O O O O O O O O O O O O O O,True,"In the last group of cases I have endeavoured to show that the peculiar for is probably similar in origin to ohana ; but it is not like that odour in all cases ; nor will the explanation apply to the for of acute and chronic bronchitis , or of bronchorrhoea , or broncho-pneumonia , for there is no proof of a rodent ulcers cavity in these .",group case endeavour peculiar probably similar origin odour case explanation apply acute chronic bronchitis bronchorrhoea pneumonia proof rodent ulcer cavity
2622,2622,070E Thomas Shadwell 1673 Epsom wells__16_distribution_THE.txt,9.0,"To see my Ducks and Geese fed , and cram my own Chickens .",O O O O O O O O O O O O O O,False,"To see my Ducks and Geese fed , and cram my own Chickens .",duck geese cram chicken
835,835,007E Dan McKenzie 1923 Aromatics and the soul__748_MED.txt,21.0,"“ But what , ” I remember asking the mother of our party — “ what is meant by ‘ peace of mind ’ ? ”",O O O O O O O O O O O O O O O O O O O O O O O O O O,False,"i But what , i I remember asking the mother of our party i i what is meant by i peace of mind i ? i",remember ask mother party mean peace mind
1888,1888,031E Edward Ballard 1874 The Nuisances of the Neighbourhood.txt_distribution.txt,185.0,.,O,False,.,
447,447,003E Stephen Bradwell 1636 PHYSICK FOR THE SICKNESSE Commonly called the PLAGUE.txt_distribution.txt,91.0,"Booke , 3 .",O O O O,False,"broke , 3 .",break
1541,1541,018E Thomas Laycock 1865 Notes on Fetid Bronchitis__285_distribution.txt,41.0,"This may be the case when the lung itself is gangrenous , but blood rarely thus putrefies per se — perhaps never — without the action of a septic "" ferment . """,O O O O O O O O O O O O O O O O O O O O O O O O O O O O O O O O O,False,"This may be the case when the lung itself is gangrenous , but blood rarely thus putrefied per se i perhaps never i without the action of a septic "" ferment . """,case lung gangrenous blood rarely putrefy action septic ferment
1183,1183,010E Jonathan Swift 1727 Gullivers travels London 1727 Proj Gutenberg__54_LIT.txt,7.0,"I remember , before the dwarf left the queen , he followed us one day into those gardens , and my nurse having set me down , he and I being close together , near some dwarf apple trees , I must needs show my wit , by a silly allusion between him and the trees , which happens to hold in their language as it does in ours .",O O O O O O O O O O O O O O O O O O O O O O O O O O O O O O O O O O O O O O O O O O O O O O O O O O O O O O O O O O O O O O O O O O O O O O,False,"I remember , before the dwarf left the queen , he followed us one day into those gardens , and my nurse having set me down , he and I being close together , near some dwarf apple trees , I must needs show my wit , by a silly allusion between him and the trees , which happens to hold in their language as it does in ours .",remember dwarf leave queen follow day garden nurse set close dwarf apple tree need wit silly allusion tree happen hold language
2853,2853,085E Gervase Markham 1631 A new orchard__20_distribution_HOUS.txt,10.0,"This and Palmes are exceeding good , and timely for Bees .",O O O O O O O O O O O O,False,"This and palms are exceeding good , and timely for Bees .",palm exceed good timely bee
1441,1441,016E Havelock Ellis 1905 Studies in the Psychology of Sex__1003_SCIE.txt,34.0,The odor of the musk-duck is chiefly confined to the breeding season . 1 The musky odor of the negress is said to be heightened during sexual excitement .,O B-1 I-1 I-1 I-1 O O B-1 I-1 I-1 I-1 I-1 O O O B-1 I-1 I-1 I-1 I-1 O O O O B-1 I-1 I-1 I-1 O,True,The odor of the musk-duck is chiefly confined to the breeding season . 1 The musky odor of the egress is said to be heightened during sexual excitement .,odor musk duck chiefly confine breeding season musky odor egress say heighten sexual excitement
1093,1093,009E Erasmus Darwin 1794 Zoonomia or the laws of organic life London 1794 ECCO TCP_MED.txt,10.0,Of Fear .,O O O,False,Of Fear .,fear
2358,2358,058E John Charles Sawer 1894 Odorographia__1331_distribution_PER.txt,21.0,"It dissolves in alcohol , ether and oils .",O O O O O O O O O,False,"It dissolves in alcohol , ether and oils .",dissolve alcohol ether oil
1455,1455,016E Havelock Ellis 1905 Studies in the Psychology of Sex__1003_SCIE.txt,47.0,"It consists of wash-leather steeped in ottos of neroli , rose , santal , lavender , verbena , bergamot , cloves , and cinnamon , subsequently smeared with civet and musk .",B-1 O B-1 I-1 O O B-1 I-1 I-1 O B-1 O B-1 O B-1 O B-1 O B-1 O B-1 O O B-1 O O O O O O O O,True,"It consists of wash-leather steeped in otto of enroll , rose , santa , lavender , serena , bergamot , cloves , and cinnamon , subsequently smeared with civet and musk .",consist wash leather steep otto enroll rise lavender serena bergamot clove cinnamon subsequently smear civet musk
609,609,006E W Murdoch 1858 Report of the Medical Officer of Health for Rotherhithe 1857  Wellcome Londons Pulse database_PUB.txt,180.0,Long may it continue so .,O O O O O O,False,Long may it continue so .,long continue
2245,2245,052E James Stark 1833 On the influence of colour on heat and odours.txt,17.0,"The black in both experiments had attracted by far the greatest quantity of odorous particles , as evidenced to smell ; the red next followed in point of intensity of smell ; and the white , so far as could be judged , had attracted least of the odour . 5 .",B-1 I-1 I-1 I-1 I-1 O O O O B-1 I-1 I-1 O B-1 I-1 O O O O B-1 O B-1 I-1 O O O O O B-1 I-1 I-1 O O B-1 I-1 O O O O O O O O O O B-1 I-1 I-1 I-1 O O O,True,"The black in both experiments had attracted by far the greatest quantity of odorous particles , as evidenced to smell ; the red next followed in point of intensity of smell ; and the white , so far as could be judged , had attracted least of the odour . 5 .",black experiment attract far great quantity odorous particle evidence smell red follow point intensity smell white far judge attract odour
2861,2861,085E Gervase Markham 1631 A new orchard__20_distribution_HOUS.txt,18.0,"They are vsuall in Sallets , and the pot .",O O O O O O O O O O,False,"They are shall in wallets , and the pot .",wallet pot
1178,1178,010E Jonathan Swift 1727 Gullivers travels London 1727 Proj Gutenberg__54_LIT.txt,54.0,"It had a cock near the bottom to let out the water , when it began to grow stale ; and two servants could easily fill it in half an hour .",O O O O O O O O O O O O O O O O O O O O O O O O O O O O O O O O,False,"It had a cock near the bottom to let out the water , when it began to grow stale ; and two servants could easily fill it in half an hour .",cock let water begin grow stale servant easily fill hour
1019,1019,008E Anon 1779 A short history of drugs.txt_distribution.txt,33.0,"The way to discover the true Cinnamon Sort is to chew it , when , if it is musilaginous or slimy in the mouth , it is not near so valuable , though it is often stronger than real Cinnamon , but will foul the Cinnamon Water made from it .",O O O O O O O O O O O O O O O O O O O O O O O O O O O O O O O O O O O O O O O O O O O O O O O O O O O,False,"The way to discover the true Cinnamon Sort is to chew it , when , if it is musilaginous or slimy in the mouth , it is not near so valuable , though it is often stronger than real Cinnamon , but will foul the Cinnamon Water made from it .",way discover true cinnamon sort chew musilaginous slimy mouth valuable strong real cinnamon foul cinnamon water
2298,2298,055E William Babington 1811 A syllabus of a course of lectures__51_distribution_SCIE.txt,1.0,Of Muriatic Acid .,O B-1 I-1 O,True,Of Muriatic Acid .,muriatic acid
1919,1919,031E Edward Ballard 1874 The Nuisances of the Neighbourhood.txt_distribution.txt,212.0,( 3 ) It is absolutely certain that the putrid sickening odour proceeding from the direction of group 3 has issued mainly from the glue and manure works of Messrs .,O O O O O O O O O B-1 I-1 I-1 O B-1 I-1 I-1 I-1 I-1 I-1 O O O O B-1 I-1 O B-1 I-1 I-1 I-1 O,True,( 3 ) It is absolutely certain that the putrid sickening odour proceeding from the direction of group 3 has issued mainly from the glue and manure works of messes .,absolutely certain putrid sickening odour proceeding direction group issue mainly glue manure work mess
207,207,002E Charles Dickens 1846 Pictures from Italy__52_TRAV.txt,58.0,"It was four o ' clock before we were released ; and the Frenchman , dirty and woolly , and snuffy , was still sleeping when the Friar went ashore .",O O B-1 I-1 I-1 I-1 O O O O O O B-1 I-1 O O O O O O B-1 O O O O O O O O O O,True,"It was four o ' clock before we were released ; and the Frenchman , dirty and woolly , and stuffy , was still sleeping when the Friar went ashore .",o clock release frenchman dirty woolly stuffy sleep friar go ashore
2294,2294,054E Oliver Goldsmith 1774 An history of the earth and animated nature__193_distribution_SCIE.txt,6.0,"This the ancients called Propolis : it will grow considerably hard in June ; though it will in some measure soften by heat ; and is often found different in consistence , colour and smell .",O O O O B-1 O O O O O O O O O O O O O O O O O O O O O O O O O O O O O B-1 O,True,"This the ancients called proposes : it will grow considerably hard in June ; though it will in some measure soften by heat ; and is often found different in consistency , colour and smell .",ancients call propose grow considerably hard measure soften heat find different consistency colour smell
2169,2169,031E Edward Ballard 1874 The Nuisances of the Neighbourhood.txt_distribution.txt,438.0,"Gordon stated to me in conversation that , in the event of any severe epidemic occurring , evil would , in his opinion , probably result from these nuisances , on the principle that anything which ' ' upsets "" the nervous system predisposes an individual to suiter .",O O O O O O O O O O O O O O O O O O O O O O O O O O O O O O O O O O O O O O O O O O O O O O O O O,False,"Gordon stated to me in conversation that , in the event of any severe epidemic occurring , evil would , in his opinion , probably result from these nuisances , on the principle that anything which ' ' upsets "" the nervous system predisposes an individual to suite .",state conversation event severe epidemic occur evil opinion probably result nuisance principle upset nervous system predispose individual suite
979,979,008E Anon 1779 A short history of drugs.txt_distribution.txt,169.0,"It generally comes from Turkey or Italy ; the fine greatly resembles fine Gum Benjamin , but is generally moisiter .",O O O O O O O O O O O O O O O O O O O O O,False,"It generally comes from Turkey or Italy ; the fine greatly resembles fine Gum Benjamin , but is generally monster .",generally come fine greatly resemble fine gum benjamin generally monster
873,873,007E Dan McKenzie 1923 Aromatics and the soul__748_MED.txt,56.0,"Even in France , France the enlightened , the sensitive , the refined , primitive odours pervade the country , as our Army knows very well .",O B-1 I-1 O O O O O O O O O O O B-1 I-1 O O O O O B-1 I-1 O O O O,True,"Even in France , France the enlightened , the sensitive , the refined , primitive odours pervade the country , as our Army knows very well .",enlighten sensitive refined primitive odour pervade country army know
1168,1168,010E Jonathan Swift 1727 Gullivers travels London 1727 Proj Gutenberg__54_LIT.txt,45.0,"The veins and arteries spouted up such a prodigious quantity of blood , and so high in the air , that the great jet d ’ eau at Versailles was not equal to it for the time it lasted : and the head , when it fell on the scaffold floor , gave such a bounce as made me start , although I was at least half an English mile distant .",O O O O O O O O O O O O O O O O O O O O O O O O O O O O O O O O O O O O O O O O O O O O O O O O O O O O O O O O O O O O O O O O O O O O O O O O,False,"The veins and arteries spouted up such a prodigious quantity of blood , and so high in the air , that the great jet i i eau at Versailles was not equal to it for the time it lasted : and the head , when it fell on the scaffold floor , gave such a bounce as made me start , although I was at least half an English mile distant .",vein artery spout prodigious quantity blood high air great jet eau equal time last head fall scaffold floor give bounce start english mile distant
230,230,002E Charles Dickens 1846 Pictures from Italy__52_TRAV.txt,79.0,"The half-French , half-Italian Vetturíno , who undertook , with his little rattling carriage and pair , to convey us thither in three days , was a careless , good-looking fellow , whose light-heartedness and singing propensities knew no bounds as long as we went on smoothly .",O O O O O O O O O O O O O O O O O O O O O O O O O O O O O O O O O O O O O O O O O O O O O O O O,False,"The half-French , half-Italian Vetturíno , who undertook , with his little rattling carriage and pair , to convey us thither in three days , was a careless , goodlooking fellow , whose light-heartedness and singing propensities knew no bounds as long as we went on smoothly .",half french half italian undertake little rattle carriage pair convey thither day careless goodlooke fellow light heartedness singing propensity know bound long go smoothly
1729,1729,019E C E A Armand 1891 Pocket Pharmocopaeia__486_MED.txt,79.0,Nat .,O O,False,Nat .,
1297,1297,014E John Floyer 1687 Pharmako Basnos__2427_MED.txt,21.0,"An ill Smell gives a Nauseousness ; as in Aron Pouches , whose Smell will make any one vomit : And such have been the Smells of many Herbs which I bottled with warm Water , as Henbane and Spurge .",O B-1 I-1 I-1 I-1 I-1 O O B-1 I-1 I-1 O B-1 I-1 I-1 I-1 I-1 I-1 I-1 O O O O O O B-1 I-1 I-1 I-1 O B-1 O O O O O O B-1 O B-1 O,True,"An ill Smell gives a Nauseousness ; as in Aron Pouches , whose Smell will make any one vomit : And such have been the Smells of many Herbs which I bottled with warm Water , as Henbane and surge .",ill smell give nauseousness smell vomit smell herb bottle warm water henbane surge
2426,2426,060E Eugene Rimmel 1865 The Book of Perfumes__964_distribution_PER.txt,13.0,The species used is the double Parma violet ( Viola odorata ) .,O O O O O O O O O O O O O,False,The species used is the double karma violet ( Viola dorota ) .,specie double
2270,2270,052E James Stark 1833 On the influence of colour on heat and odours.txt,4.0,No odour to the same extent had been remarked in the lighter-coloured clothes .,O B-1 I-1 I-1 I-1 I-1 O O O B-1 I-1 I-1 I-1 O,True,No odour to the same extent had been remarked in the lighter-coloured clothes .,odour extent remark lighter colour clothe
1067,1067,008E Anon 1779 A short history of drugs.txt_distribution.txt,77.0,"The third Sort is in brown , red , dirty , small , and frequently mixed with ordinary inferior Gum , which , by being mixed with it , will contract the Smell and Flavour of the true Gum .",O O O O O O O O O O O O O O O O O O O O O O O O O O O O O O O O B-1 O O B-1 I-1 I-1 I-1 O,True,"The third Sort is in brown , red , dirty , small , and frequently mixed with ordinary inferior Gum , which , by being mixed with it , will contract the Smell and Flavour of the true Gum .",sort brown red dirty small frequently mixed ordinary inferior gum mixed contract smell flavour true gum
1622,1622,019E C E A Armand 1891 Pocket Pharmocopaeia__486_MED.txt,114.0,"Ord . , Labiatae .",O O O O O,False,"Ord . , Labiatae .",
2865,2865,085E Gervase Markham 1631 A new orchard__20_distribution_HOUS.txt,4.0,I may well call them the King of flowers ( except the Rose ) and the best sort of them are called Queene-Iuly flowers .,O O O O O O O O O O O O O O O O O O O O O O O O O,False,I may well call them the King of flowers ( except the Rose ) and the best sort of them are called Queene-Iuly flowers .,king flower rose good sort call queene iuly flower
941,941,008E Anon 1779 A short history of drugs.txt_distribution.txt,134.0,"JUNEUS ODORATUS , or SWEET CANE .",B-1 I-1 O O B-1 I-1 O,True,"june's odorous , or SWEET CANE .",odorous sweet cane
2660,2660,072E Richard Middleton 1619 Goodnes the blessed mans badge__18_distribution_REL.txt,18.0,Is hee an apparent impenitent wicked liuer in any grosse sinne ?,O O O O O O O O O O O O,False,Is hee an apparent impediment wicked liver in any grosse since ?,hee apparent impediment wicked liver grosse
2490,2490,063E Pierre Joseph Buchoz 1784 The Toilet of Flora__172_distribution_PER.txt,6.0,"Keep your Snuff in canisters closely syopped , to prevent the scent from exhaling .",O B-1 I-1 I-1 I-1 I-1 I-1 O O O O B-1 O O O,True,"Keep your Snuff in canisters closely stopped , to prevent the scent from exhaling .",snuff canister closely stop prevent scent exhaling
2051,2051,031E Edward Ballard 1874 The Nuisances of the Neighbourhood.txt_distribution.txt,331.0,There is no reason to believe that any effluvia from these works reach the places on the Section 3 .,O O O O O O O O B-1 I-1 I-1 I-1 O O O O O O O O,True,There is no reason to believe that any effluvia from these works reach the places on the Section 3 .,reason believe effluvia work reach place section
683,683,006E W Murdoch 1858 Report of the Medical Officer of Health for Rotherhithe 1857  Wellcome Londons Pulse database_PUB.txt,247.0,"Gentlemen , Variocs complaints having been made to me , by inhabitants of the part of Rotherhithe called Jamaica Level , and by owners of property in that district , of an intolerable nuisance occasioned by the casting of the mud of the mill-stream near the houses .",O O O O O O O O O O B-1 I-1 I-1 I-1 I-1 I-1 I-1 O O O O O B-1 I-1 I-1 I-1 I-1 I-1 I-1 O O O B-1 I-1 I-1 I-1 I-1 I-1 I-1 I-1 I-1 I-1 I-1 I-1 I-1 I-1 I-1 O,True,"Gentlemen , various complaints having been made to me , by inhabitants of the part of Rotherhithe called Jamaica Level , and by owners of property in that district , of an intolerable nuisance occasioned by the casting of the mud of the mill-stream near the houses .",gentleman complaint inhabitant call level owner property district intolerable nuisance occasion casting mud mill stream house
673,673,006E W Murdoch 1858 Report of the Medical Officer of Health for Rotherhithe 1857  Wellcome Londons Pulse database_PUB.txt,238.0,"In the experience of three epidemics which I have witnessed , one in France , and two in England ; I have invariably found that they are the first , yes , the very first victims of cholera .",O O O O O O O O O O O O O O O O O O O O O O O O O O O O O O O O O O O O O O O,False,"In the experience of three epidemics which I have witnessed , one in France , and two in England ; I have invariably found that they are the first , yes , the very first victims of cholera .",experience epidemic witness invariably find victim cholera
2100,2100,031E Edward Ballard 1874 The Nuisances of the Neighbourhood.txt_distribution.txt,376.0,"The "" scutch "" which remains after the making of the glue , is dealt with as at Bevington ' s Works , the only difference being that no means are in use here to condense the vapour proceeding from the pans in which the ' ' scutch "" is heated with acid .",O O O O O O O O O O O O O O O O O O O O O O O O O O O O O O O O O O O O O O O O O O O O O O O O O O O O O O,False,"The "" scotch "" which remains after the making of the glue , is dealt with as at remington ' i Works , the only difference being that no means are in use here to condense the vapour proceeding from the pans in which the ' ' scotch "" is heated with acid .",scotch remain making glue deal work difference mean use condense vapour proceed pan scotch heat acid
1736,1736,019E C E A Armand 1891 Pocket Pharmocopaeia__486_MED.txt,85.0,"Possesses powerful ozonizing and anti-malarial influence ; destructive to low organic growths , but not caustic to the skin .",O O O O O O O O O O O O O O O O O O O O,False,"Possesses powerful agonizing and anti-malarial influence ; destructive to low organic growths , but not caustic to the skin .",possess powerful agonizing anti malarial influence destructive low organic growth caustic skin
18,18,001E Donald Mcdonald 1895 Sweet scented flowers and fragrant leaves__2137_distribution_MED.txt,26.0,Among the abortions of this century these are a real gain — the loveliest flowers ever raised by man .,O O O O O O O O O O O O O O O O O O O O,False,Among the abortions of this century these are a real gain i the loveliest flowers ever raised by man .,abortion century real gain lovely flower raise man
1883,1883,031E Edward Ballard 1874 The Nuisances of the Neighbourhood.txt_distribution.txt,180.0,Pyrites alone used to burn as a source of sulphurous acid The Avaste gases from the leaden chamber pass into a condensing apparatus supplied with steam .,O O O O O O O O O O O O O O O O O O O O O O O O O O O,False,pyrates alone used to burn as a source of sulphurous acid The waste gases from the leaden chamber pass into a condensing apparatus supplied with steam .,pyrate burn source sulphurous acid waste gas chamber pass condense apparatus supply steam
2686,2686,072E Richard Middleton 1619 Goodnes the blessed mans badge__18_distribution_REL.txt,41.0,"For as the meate of Christ is to doe his Fathers will , so it is the diuels meate , to doe his will .",O O O O O O O O O O O O O O O O O O O O O O O O O,False,"For as the meat of Christ is to doe his Fathers will , so it is the duels meat , to doe his will .",meat doe father duel meat doe
704,704,006E W Murdoch 1858 Report of the Medical Officer of Health for Rotherhithe 1857  Wellcome Londons Pulse database_PUB.txt,266.0,"The ditch itself is clean and without smell , and receives the drainage of ten small houses .",B-1 I-1 O O O O O B-1 O O O O O O O O O O,True,"The ditch itself is clean and without smell , and receives the drainage of ten small houses .",ditch clean smell receive drainage small house
718,718,006E W Murdoch 1858 Report of the Medical Officer of Health for Rotherhithe 1857  Wellcome Londons Pulse database_PUB.txt,279.0,"These gases are injurious to the health ; many persons have complained of nausea and headache , from their effects ; the acid fumes , too , are highly irritating to individuals with the least tendency to cough , or to any bronchial affection .",O O O O O O O O O O O O O O O O O O O O O O O O O O O O O O O O O O O O O O O O O O O O O,False,"These gases are injurious to the health ; many persons have complained of nausea and headache , from their effects ; the acid fumes , too , are highly irritating to individuals with the least tendency to cough , or to any bronchial affection .",gas injurious health person complain nausea headache effect acid fume highly irritating individual tendency cough bronchial affection
494,494,005E Daniel Featley 1636 Clavis Mystica 70 sermons__159_REL.txt,27.0,"A high conceit of their owne , and a low value and under rate of the gifts of others , usually keep men from yeelding one to the other upon good termes of Christian charity .",O O O O O O O O O O O O O O O O O O O O O O O O O O O O O O O O O O O O,False,"A high conceit of their one , and a low value and under rate of the gifts of others , usually keep men from yielding one to the other upon good terms of Christian charity .",high conceit low value rate gift usually man yield good term christian charity
2401,2401,058E John Charles Sawer 1894 Odorographia__1331_distribution_PER.txt,60.0,"With oil of turpentine and oil of lemon it forms at first a milky solution , which afterwards becomes clear .",O O O O O O O O O O O O O O O O O O O O O,False,"With oil of turpentine and oil of lemon it forms at first a milky solution , which afterwards becomes clear .",oil turpentine oil lemon form milky solution clear
1311,1311,014E John Floyer 1687 Pharmako Basnos__2427_MED.txt,34.0,"These Acrid-Aromaticks have either a Sweetness , or Bitterness ; and may be referred to the former Classes .",O O O O O O O O O O O O O O O O O O O,False,"These Acrid-Aromaticks have either a Sweetness , or Bitterness ; and may be referred to the former Classes .",acrid aromatick sweetness bitterness refer class
1266,1266,013E Edward Farnham 1656 The Compleat Doctoress__32_MED.txt,7.0,"You must apply your Remedies in the • • t , and after the fit : in the fit , the humour just be drawn back with rubbing the parts , • ying painfull Ligatures about them , and applying Cuppinglasses , with scariffication to the calfes of her legs : have such Glysters in readinesse , as will take away the paine , dissolve , draw back , and purge out the thick humours : you may compound them by these formes following .",O O O O O O O O O O O O O O O O O O O O O O O O O O O O O O O O O O O O O O O O O O O O O O O O O O O O O O O O O O O O O O O O O O O O O O O O O O O O O O O O O O O O O,False,"You must apply your Remedies in the i i i , and after the fit : in the fit , the humour just be drawn back with rubbing the parts , i ying painful Ligatures about them , and applying Cuppinglasses , with scarification to the calves of her legs : have such oysters in readiness , as will take away the paine , dissolve , draw back , and purge out the thick humours : you may compound them by these former following .",apply remedy fit fit humour draw rub part ye painful ligature apply cuppinglasse scarification calf leg oyster readiness away paine dissolve draw purge thick humour compound following
409,409,003E Stephen Bradwell 1636 PHYSICK FOR THE SICKNESSE Commonly called the PLAGUE.txt_distribution.txt,57.0,"So does the Pestilent Infection take hold , though not sensibly ( for the strongest Poysons have little taste or smell ) yet certainly ; as experience testifies : for Garments , and Houshold-stuffe have beene infected , and have infected others .",O O O O O O O O O O O O O B-1 I-1 I-1 O B-1 O O B-1 O O O O O O O O O O O O O O O O O O O O O O,True,"So does the Pestilent Infection take hold , though not sensibly ( for the strongest poisons have little taste or smell ) yet certainly ; as experience testifies : for Garments , and Houshold-stuffe have been infected , and have infected others .",infection hold sensibly strong poison little taste smell certainly experience testify garment infect infect
1360,1360,014E John Floyer 1687 Pharmako Basnos__2427_MED.txt,79.0,"Nothing can be more easily fixt , by divers additions of other things , though in it self it has a greater Agitation of parts than other fluids , which being stopt in their internal motion , become Solids ; and if Opiates do weaken or deprive the Nervous Juyce of its Internal Agitation , from thence all their Phaenomena may be explain ' d .",O O O O O O O O O O O O O O O O O O O O O O O O O O O O O O O O O O O O O O O O O O O O O O O O O O O O O O O O O O O O O O O O O O,False,"Nothing can be more easily fix , by divers additions of other things , though in it self it has a greater Agitation of parts than other fluids , which being stop in their internal motion , become Solids ; and if Opiates do weaken or deprive the Nervous juice of its Internal Agitation , from thence all their phenomena may be explain ' i .",easily fix diver addition thing self great agitation part fluid stop internal motion solid opiate weaken deprive nervous juice internal agitation phenomenon explain
247,247,,,rich creamy scent melt chocolate rise fondue pot,,True,,rich creamy scent melt chocolate rise fondue pot
793,1293,,,notable anthropologist unveil theory challenge assumption form generation research,,False,,notable anthropologist unveil theory challenge assumption form generation research
1063,1563,,,indigenous storyteller share fable enlighten child tribal history value,,False,,indigenous storyteller share fable enlighten child tribal history value
601,1101,,,government body enforce regulation preserve wildlife conservation zone worldwide,,False,,government body enforce regulation preserve wildlife conservation zone worldwide
661,1161,,,cultural anthropologist interview nomad document practice overlook historical scholarship,,False,,cultural anthropologist interview nomad document practice overlook historical scholarship
382,382,,,fresh zesty aroma tangerine brighten snowy winter day,,True,,fresh zesty aroma tangerine brighten snowy winter day
697,1197,,,water treatment facility modernize system guarantee cleanliness city population,,False,,water treatment facility modernize system guarantee cleanliness city population
277,777,,,sustainable fishery advocate regulate quota ensure long term oceanic population stability,,False,,sustainable fishery advocate regulate quota ensure long term oceanic population stability
143,643,,,fleet conduct exercise coordinate maneuver maritime border dispute,,False,,fleet conduct exercise coordinate maneuver maritime border dispute
275,275,,,faint citrus scent accompany lather soap bar,,True,,faint citrus scent accompany lather soap bar
751,1251,,,improve comedian inspire laughter shaping sketch audience member suggestion,,False,,improve comedian inspire laughter shaping sketch audience member suggestion
188,188,,,faint salty ocean breeze carry hint seaweed,,True,,faint salty ocean breeze carry hint seaweed
866,1366,,,beekeeper union defend pollinator promote strategy agricultural ecosystem management,,False,,beekeeper union defend pollinator promote strategy agricultural ecosystem management
466,966,,,architect design sustainable home optimize energy usage climate fluctuation,,False,,architect design sustainable home optimize energy usage climate fluctuation
332,332,,,smoky savory smell barbecued rib hang backyard air,,True,,smoky savory smell barbecued rib hang backyard air
227,727,,,entomologist record insect migration identify specie adapt shift global climate,,False,,entomologist record insect migration identify specie adapt shift global climate
110,610,,,student earn scholarship celebrate achievement joyous school ceremony,,False,,student earn scholarship celebrate achievement joyous school ceremony
580,1080,,,climb parapet overtake fortress abandon century long political upheaval,,False,,climb parapet overtake fortress abandon century long political upheaval
1204,1704,,,poetry club host slams invigorate creativity emerge speak word enthusiast,,False,,poetry club host slams invigorate creativity emerge speak word enthusiast
414,414,,,faint salty sea breeze carry aroma wet sand,,True,,faint salty sea breeze carry aroma wet sand
